,Name,Platform,Year_of_Release,Genre,Publisher,NA_Sales,EU_Sales,JP_Sales,Other_Sales,Global_Sales,Critic_Score,Critic_Count,User_Score,User_Count,Developer,Rating
31,Call of Duty: Black Ops 3,PS4,2015.0,Shooter,Activision,6.03,5.86,0.36,2.38,14.63,,,,,,
77,FIFA 16,PS4,2015.0,Sports,Electronic Arts,1.12,6.12,0.06,1.28,8.57,82.0,42.0,4.3,896.0,EA Sports,E
87,Star Wars Battlefront (2015),PS4,2015.0,Shooter,Electronic Arts,2.99,3.49,0.22,1.28,7.98,,,,,,
99,Call of Duty: Black Ops 3,XOne,2015.0,Shooter,Activision,4.59,2.11,0.01,0.68,7.39,,,,,,
105,Fallout 4,PS4,2015.0,Role-Playing,Bethesda Softworks,2.53,3.27,0.24,1.13,7.16,87.0,58.0,6.5,4228.0,Bethesda Game Studios,M
231,Uncharted: The Nathan Drake Collection,PS4,2015.0,Action,Sony Computer Entertainment,2.07,1.71,0.08,0.76,4.62,86.0,78.0,8.1,1264.0,Bluepoint Games,T
242,Halo 5: Guardians,XOne,2015.0,Shooter,Microsoft Game Studios,2.78,1.27,0.03,0.41,4.48,84.0,101.0,6.4,2438.0,343 Industries,T
247,Splatoon,WiiU,2015.0,Shooter,Nintendo,1.54,1.18,1.46,0.26,4.43,81.0,88.0,8.5,1184.0,Nintendo,E10+
270,Fallout 4,XOne,2015.0,Role-Playing,Bethesda Softworks,2.51,1.32,0.01,0.38,4.22,88.0,39.0,6.2,1749.0,Bethesda Game Studios,M
303,The Witcher 3: Wild Hunt,PS4,2015.0,Role-Playing,Namco Bandai Games,1.02,2.13,0.23,0.59,3.97,92.0,79.0,9.2,10179.0,CD Projekt Red Studio,M
305,Batman: Arkham Knight,PS4,2015.0,Action,Warner Bros. Interactive Entertainment,1.53,1.69,0.1,0.64,3.95,87.0,89.0,7.6,2679.0,Rocksteady Studios,M
314,NBA 2K16,PS4,2015.0,Sports,Take-Two Interactive,2.49,0.66,0.03,0.69,3.88,87.0,51.0,6.7,364.0,Visual Concepts,E10+
342,Star Wars Battlefront (2015),XOne,2015.0,Shooter,Electronic Arts,2.04,1.28,0.02,0.32,3.66,,,,,,
390,Metal Gear Solid V: The Phantom Pain,PS4,2015.0,Action,Konami Digital Entertainment,1.09,1.36,0.49,0.48,3.41,93.0,86.0,8.2,3943.0,"Kojima Productions, Moby Dick Studio",M
396,Assassin's Creed Syndicate,PS4,2015.0,Action,Ubisoft,0.81,1.99,0.07,0.52,3.39,76.0,86.0,6.8,1319.0,Ubisoft Quebec,M
406,Monster Hunter X,3DS,2015.0,Action,Capcom,0.27,0.21,2.79,0.05,3.32,,,,,,
413,Gears of War: Ultimate Edition,XOne,2015.0,Shooter,Microsoft Game Studios,2.61,0.33,0.0,0.34,3.28,82.0,74.0,7.5,563.0,"Splash Damage, The Coalition",M
417,FIFA 16,XOne,2015.0,Sports,Electronic Arts,0.89,2.12,0.0,0.24,3.25,84.0,45.0,4.4,459.0,EA Sports,E
420,Madden NFL 16,PS4,2015.0,Sports,Electronic Arts,2.34,0.3,0.0,0.6,3.24,83.0,37.0,5.9,180.0,EA Sports,E
424,Super Mario Maker,WiiU,2015.0,Platform,Nintendo,1.18,0.89,0.94,0.2,3.21,88.0,85.0,8.7,691.0,Nintendo,E
457,Animal Crossing: Happy Home Designer,3DS,2015.0,Simulation,Nintendo,0.51,1.02,1.4,0.12,3.05,66.0,60.0,6.9,106.0,Nintendo,E
539,Mortal Kombat X,PS4,2015.0,Fighting,Warner Bros. Interactive Entertainment,1.5,0.8,0.0,0.48,2.78,83.0,81.0,7.7,836.0,"Warner Bros. Interactive Entertainment, NetherRealm Studios",M
552,FIFA 16,PS3,2015.0,Sports,Electronic Arts,0.41,1.84,0.05,0.4,2.71,,,3.2,58.0,EA Sports,E
623,Bloodborne,PS4,2015.0,Action,Sony Computer Entertainment,1.03,0.81,0.26,0.38,2.48,92.0,100.0,8.6,6383.0,From Software,M
639,Need for Speed (2015),PS4,2015.0,Racing,Electronic Arts,0.5,1.5,0.05,0.37,2.43,,,,,,
641,Madden NFL 16,XOne,2015.0,Sports,Electronic Arts,2.08,0.08,0.0,0.26,2.42,84.0,23.0,6.1,124.0,EA Sports,E
677,The Legend of Zelda: Majora's Mask 3D,3DS,2015.0,Action,Nintendo,1.15,0.55,0.47,0.17,2.34,89.0,82.0,9,478.0,GREZZO,E10+
680,NBA 2K16,XOne,2015.0,Sports,Take-Two Interactive,1.95,0.15,0.0,0.24,2.34,86.0,14.0,6.2,115.0,Visual Concepts,E10+
694,Yokai Watch Busters,3DS,2015.0,Action,Level 5,0.0,0.0,2.29,0.0,2.29,,,,,,
733,Tom Clancy's Rainbow Six: Siege,PS4,2015.0,Shooter,Ubisoft,0.55,1.19,0.14,0.33,2.21,73.0,40.0,7.3,480.0,Ubisoft Montreal,M
790,Battlefield: Hardline,PS4,2015.0,Shooter,Electronic Arts,0.71,0.94,0.14,0.32,2.1,73.0,46.0,5,845.0,Visceral Games,M
797,Dying Light,PS4,2015.0,Action,Warner Bros. Interactive Entertainment,0.96,0.67,0.12,0.34,2.09,74.0,58.0,7.9,1287.0,Techland,M
895,Destiny: The Taken King,PS4,2015.0,Shooter,Activision,0.78,0.79,0.04,0.31,1.93,86.0,81.0,6,1079.0,Bungie,T
938,Just Cause 3,PS4,2015.0,Action,Square Enix,0.47,1.03,0.07,0.28,1.86,73.0,42.0,6.5,403.0,Avalanche Studios,M
975,Forza Motorsport 6,XOne,2015.0,Racing,Microsoft Game Studios,0.73,0.9,0.03,0.14,1.8,87.0,85.0,7.9,863.0,Turn 10,E
1012,The Elder Scrolls Online,PS4,2015.0,Role-Playing,Bethesda Softworks,0.67,0.79,0.0,0.29,1.75,,,,,,
1026,The Order: 1886,PS4,2015.0,Shooter,Sony Computer Entertainment,0.61,0.78,0.06,0.27,1.74,63.0,94.0,6.6,3172.0,"Ready at Dawn, SCE Santa Monica",M
1049,Call of Duty: Black Ops 3,X360,2015.0,Shooter,Activision,1.14,0.4,0.0,0.16,1.71,,,,,,
1062,Call of Duty: Black Ops 3,PS3,2015.0,Shooter,Activision,0.49,0.87,0.07,0.26,1.69,,,,,,
1079, Fire Emblem Fates,3DS,2015.0,Role-Playing,Nintendo,0.81,0.23,0.52,0.11,1.68,,,,,,
1097,Until Dawn,PS4,2015.0,Adventure,Sony Computer Entertainment Europe,0.45,0.9,0.05,0.26,1.66,79.0,103.0,8.2,2161.0,SuperMassive Games,M
1174,Mario Party 10,WiiU,2015.0,Misc,Nintendo,0.69,0.53,0.24,0.12,1.58,66.0,66.0,6.5,279.0,"Nintendo, Nd Cube",E
1182,FIFA 16,X360,2015.0,Sports,Electronic Arts,0.57,0.88,0.0,0.12,1.57,,,2.9,45.0,EA Sports,E
1274,Batman: Arkham Knight,XOne,2015.0,Action,Warner Bros. Interactive Entertainment,0.88,0.47,0.0,0.14,1.49,85.0,16.0,6.6,694.0,Rocksteady Studios,M
1401,Mortal Kombat X,XOne,2015.0,Fighting,Warner Bros. Interactive Entertainment,1.03,0.21,0.0,0.14,1.38,86.0,21.0,7.3,279.0,"Warner Bros. Interactive Entertainment, NetherRealm Studios",M
1403,Rise of the Tomb Raider,XOne,2015.0,Adventure,Square Enix,0.55,0.7,0.02,0.11,1.38,86.0,102.0,8,1288.0,Crystal Dynamics,M
1455,Tom Clancy's Rainbow Six: Siege,XOne,2015.0,Shooter,Ubisoft,0.77,0.45,0.0,0.12,1.34,74.0,24.0,6.9,252.0,Ubisoft Montreal,M
1499,The Witcher 3: Wild Hunt,XOne,2015.0,Role-Playing,Namco Bandai Games,0.69,0.5,0.0,0.11,1.31,91.0,13.0,9.2,3963.0,CD Projekt Red Studio,M
1509,Yoshi's Woolly World,WiiU,2015.0,Platform,Nintendo,0.62,0.47,0.11,0.1,1.3,78.0,83.0,8.5,376.0,Good-Feel,E
1515,Assassin's Creed Syndicate,XOne,2015.0,Action,Ubisoft,0.62,0.56,0.0,0.11,1.3,78.0,22.0,6.1,402.0,Ubisoft Quebec,M
1529,Dying Light,XOne,2015.0,Action,Warner Bros. Interactive Entertainment,0.86,0.3,0.01,0.12,1.29,74.0,26.0,7.8,387.0,Techland,M
1530,Fallout 4,PC,2015.0,Role-Playing,Bethesda Softworks,0.51,0.67,0.0,0.1,1.29,84.0,38.0,5.4,7512.0,Bethesda Game Studios,M
1536,The Elder Scrolls Online,XOne,2015.0,Role-Playing,Bethesda Softworks,0.78,0.38,0.0,0.12,1.28,77.0,11.0,8.4,613.0,ZeniMax Media,M
1596,Pokemon Super Mystery Dungeon,3DS,2015.0,Role-Playing,Nintendo,0.48,0.35,0.34,0.08,1.25,69.0,44.0,8.8,190.0,"Spike Chunsoft Co. Ltd., Spike Chunsoft",E
1658,WWE 2K16,PS4,2015.0,Sports,Take-Two Interactive,0.41,0.6,0.0,0.2,1.21,73.0,47.0,7.4,237.0,Yuke's,T
1666,Battlefield: Hardline,XOne,2015.0,Shooter,Electronic Arts,0.72,0.37,0.01,0.11,1.21,71.0,27.0,5.1,299.0,Visceral Games,M
1694,Destiny: The Taken King,XOne,2015.0,Shooter,Activision,0.85,0.23,0.0,0.12,1.19,89.0,11.0,5.2,393.0,"Bungie Software, Bungie",T
1726,Mad Max (2015),PS4,2015.0,Action,Warner Bros. Interactive Entertainment,0.36,0.59,0.04,0.18,1.17,,,,,,
1730,Grand Theft Auto V,PC,2015.0,Action,Take-Two Interactive,0.39,0.69,0.0,0.09,1.17,96.0,57.0,7.9,3756.0,Rockstar North,M
1817,The Legend of Zelda: Tri Force Heroes,3DS,2015.0,Action,Nintendo,0.53,0.33,0.17,0.08,1.12,73.0,73.0,7.6,179.0,Nintendo,E
1848,Dragon Ball: XenoVerse,PS4,2015.0,Fighting,Namco Bandai Games,0.3,0.52,0.12,0.16,1.11,69.0,50.0,7.7,598.0,Dimps Corporation,T
1880,Project CARS,PS4,2015.0,Racing,Slightly Mad Studios,0.2,0.7,0.02,0.16,1.09,83.0,37.0,6.6,363.0,Slightly Mad Studios,E
2097,Final Fantasy Type-0,PS4,2015.0,Role-Playing,Square Enix,0.37,0.32,0.15,0.14,0.98,,,,,,
2114,Madden NFL 16,X360,2015.0,Sports,Electronic Arts,0.85,0.02,0.0,0.1,0.97,,,5.1,12.0,EA Sports,E
2137,Evolve,PS4,2015.0,Shooter,Take-Two Interactive,0.36,0.41,0.05,0.15,0.96,76.0,46.0,4.3,894.0,Turtle Rock Studios,M
2179,Just Dance 2016,Wii,2015.0,Misc,Ubisoft,0.41,0.46,0.0,0.08,0.95,,,tbd,,Ubisoft,E10+
2183,NBA 2K16,X360,2015.0,Sports,Take-Two Interactive,0.79,0.05,0.0,0.1,0.94,,,3.2,24.0,Visual Concepts,E
2247,MLB 15: The Show,PS4,2015.0,Sports,Sony Computer Entertainment,0.68,0.08,0.0,0.17,0.92,80.0,44.0,7.8,190.0,SCEA San Diego Studios,E
2291,Just Cause 3,XOne,2015.0,Action,Square Enix,0.44,0.39,0.0,0.08,0.9,71.0,24.0,7,186.0,Avalanche Studios,M
2301,LEGO Jurassic World,PS4,2015.0,Action,Warner Bros. Interactive Entertainment,0.32,0.42,0.02,0.14,0.9,70.0,46.0,7,80.0,TT Games,E10+
2360,Minecraft: Story Mode,X360,2015.0,Adventure,Mojang,0.48,0.33,0.0,0.08,0.88,,,,,,
2375,Borderlands: The Handsome Collection,PS4,2015.0,Shooter,Take-Two Interactive,0.38,0.33,0.03,0.14,0.88,82.0,49.0,7.8,345.0,Gearbox Software,M
2387,Monster Strike 3DS,3DS,2015.0,Action,"mixi, Inc",0.0,0.0,0.87,0.0,0.87,,,,,,
2402,LEGO Jurassic World,X360,2015.0,Action,Warner Bros. Interactive Entertainment,0.47,0.32,0.0,0.08,0.87,,,7.1,14.0,TT Games,E10+
2414,Dragon Quest VIII: Journey of the Cursed King,3DS,2015.0,Role-Playing,Square Enix,0.0,0.0,0.86,0.0,0.86,,,,,Cygames,T
2416,Guitar Hero Live,PS4,2015.0,Misc,Activision,0.34,0.38,0.0,0.14,0.86,80.0,69.0,6.2,160.0,FreeStyleGames,T
2435,LEGO Jurassic World,PS3,2015.0,Action,Warner Bros. Interactive Entertainment,0.35,0.36,0.0,0.14,0.85,,,7.4,14.0,TT Games,E10+
2457,Xenoblade Chronicles X,WiiU,2015.0,Role-Playing,Nintendo,0.36,0.28,0.14,0.06,0.84,84.0,87.0,8.9,1548.0,Monolith Soft,T
2600,Pro Evolution Soccer 2016,PS4,2015.0,Sports,Konami Digital Entertainment,0.13,0.42,0.13,0.1,0.79,87.0,54.0,7.1,680.0,Konami,E
2603,Rare Replay,XOne,2015.0,Misc,Microsoft Game Studios,0.49,0.22,0.01,0.07,0.79,84.0,75.0,7.7,325.0,Rare Ltd.,M
2626,Madden NFL 16,PS3,2015.0,Sports,Electronic Arts,0.57,0.06,0.0,0.14,0.78,,,3.1,18.0,EA Sports,E
2710,Mario & Luigi: Paper Jam,3DS,2015.0,Role-Playing,Nintendo,0.16,0.29,0.26,0.04,0.76,,,,,,
2717,Nintendo Presents: New Style Boutique 2 - Fashion Forward,3DS,2015.0,Misc,Nintendo,0.03,0.66,0.02,0.04,0.75,,,,,,
2720,Metal Gear Solid V: The Phantom Pain,XOne,2015.0,Action,Konami Digital Entertainment,0.41,0.26,0.01,0.07,0.75,95.0,10.0,7.3,900.0,"Kojima Productions, Moby Dick Studio",M
2751,Rhythm Heaven: The Best+,3DS,2015.0,Misc,Nintendo,0.0,0.03,0.72,0.0,0.74,,,,,,
2759,Final Fantasy X/X-2 HD Remaster,PS4,2015.0,Role-Playing,Square Enix,0.29,0.27,0.06,0.11,0.74,,,,,,
2766,Dragon Quest Heroes: The World's Tree Woe and the Blight Below,PS4,2015.0,Action,Square Enix,0.17,0.13,0.37,0.06,0.74,,,,,,
2780,NBA 2K16,PS3,2015.0,Sports,Take-Two Interactive,0.45,0.12,0.03,0.13,0.74,,,4.6,13.0,Visual Concepts,E
2815,LEGO Dimensions,PS4,2015.0,Action,Warner Bros. Interactive Entertainment,0.24,0.37,0.0,0.12,0.73,80.0,53.0,7.1,65.0,Traveller's Tales,E10+
2848,Disney Infinity 3.0,PS4,2015.0,Action,Disney Interactive Studios,0.24,0.37,0.0,0.12,0.72,,,,,,
2851,The Witcher 3: Wild Hunt,PC,2015.0,Role-Playing,Namco Bandai Games,0.21,0.46,0.0,0.05,0.72,93.0,32.0,9.3,10665.0,CD Projekt Red Studio,M
2936,Minecraft: Story Mode,PS4,2015.0,Adventure,Mojang,0.25,0.33,0.0,0.11,0.69,,,,,,
2944,Minecraft: Story Mode,PS3,2015.0,Adventure,Mojang,0.27,0.31,0.0,0.11,0.69,,,,,,
2954,Need for Speed (2015),XOne,2015.0,Racing,Electronic Arts,0.3,0.33,0.0,0.06,0.69,,,,,,
3035,F1 2015,PS4,2015.0,Racing,Codemasters,0.09,0.45,0.03,0.1,0.66,65.0,46.0,6.3,43.0,Codemasters,E
3084,LEGO Jurassic World,XOne,2015.0,Action,Warner Bros. Interactive Entertainment,0.38,0.22,0.0,0.06,0.65,70.0,17.0,6.7,44.0,TT Games,E10+
3126,God of War III,PS4,2015.0,Action,Sony Computer Entertainment,0.24,0.29,0.01,0.1,0.65,,,,,,
3136,Metal Gear Solid V: The Phantom Pain,PS3,2015.0,Action,Konami Digital Entertainment,0.22,0.13,0.22,0.07,0.64,,,7.2,168.0,"Kojima Productions, Moby Dick Studio",M
3168,Evolve,XOne,2015.0,Shooter,Take-Two Interactive,0.37,0.2,0.0,0.06,0.64,74.0,31.0,5.1,336.0,Turtle Rock Studios,M
3214,NHL 16,PS4,2015.0,Sports,Electronic Arts,0.36,0.16,0.0,0.11,0.63,78.0,28.0,5.5,157.0,"EA Sports, EA Canada",E10+
3230,LEGO Jurassic World,3DS,2015.0,Action,Warner Bros. Interactive Entertainment,0.31,0.23,0.03,0.05,0.62,,,7.2,11.0,TT Games,E10+
3323,Dark Souls II,PS4,2015.0,Role-Playing,Namco Bandai Games,0.21,0.23,0.08,0.09,0.6,,,,,,
3401,WWE 2K16,XOne,2015.0,Sports,Take-Two Interactive,0.32,0.22,0.0,0.05,0.59,72.0,18.0,5.7,75.0,Yuke's,T
3537,Just Dance 2016,WiiU,2015.0,Misc,Ubisoft,0.27,0.25,0.0,0.05,0.57,73.0,7.0,6.9,11.0,Ubisoft,E10+
3550,Tales of Zestiria,PS3,2015.0,Role-Playing,Namco Bandai Games,0.05,0.07,0.42,0.02,0.56,,,8,47.0,"Namco Bandai Games, Bandai Namco Games",T
3556,Xenoblade Chronicles,3DS,2015.0,Role-Playing,Nintendo,0.27,0.14,0.12,0.04,0.56,,,,,,
3579,Minecraft: Story Mode,XOne,2015.0,Adventure,Mojang,0.3,0.21,0.0,0.05,0.56,,,,,,
3630,Guitar Hero Live,XOne,2015.0,Misc,Activision,0.3,0.2,0.0,0.05,0.55,81.0,21.0,5.1,69.0,FreeStyleGames,T
3645,Resident Evil: Revelations 2,PS4,2015.0,Action,Capcom,0.13,0.24,0.1,0.07,0.55,75.0,30.0,7.7,284.0,Capcom,M
3647,LEGO Dimensions,PS3,2015.0,Action,Warner Bros. Interactive Entertainment,0.17,0.3,0.0,0.09,0.55,,,6.4,18.0,,
3666,Star Wars Battlefront (2015),PC,2015.0,Shooter,Electronic Arts,0.13,0.38,0.0,0.04,0.55,,,,,,
3748,LEGO Dimensions,WiiU,2015.0,Action,Warner Bros. Interactive Entertainment,0.3,0.18,0.0,0.05,0.53,62.0,5.0,6.5,29.0,Traveller's Tales,E10+
3791,StarCraft II: Legacy of the Void,PC,2015.0,Strategy,Activision,0.19,0.29,0.0,0.04,0.53,88.0,62.0,8.3,833.0,Blizzard Entertainment,T
3794,LEGO Dimensions,X360,2015.0,Action,Warner Bros. Interactive Entertainment,0.26,0.23,0.0,0.04,0.53,,,6.1,18.0,,
3840,LEGO Jurassic World,WiiU,2015.0,Action,Warner Bros. Interactive Entertainment,0.27,0.19,0.02,0.04,0.52,71.0,5.0,8.1,14.0,TT Games,E10+
3845,Rory McIlroy PGA Tour,PS4,2015.0,Action,Electronic Arts,0.18,0.25,0.0,0.08,0.52,61.0,33.0,3.7,78.0,EA Tiburon,E
3858,Kirby and the Rainbow Curse,WiiU,2015.0,Platform,Nintendo,0.22,0.13,0.12,0.04,0.52,73.0,72.0,8,227.0,HAL Labs,E
3925,WWE 2K16,PS3,2015.0,Sports,Take-Two Interactive,0.22,0.21,0.0,0.08,0.51,,,6,21.0,Yuke's,T
4016,Dragon Quest Heroes: The World's Tree Woe and the Blight Below,PS3,2015.0,Action,Square Enix,0.0,0.0,0.49,0.0,0.49,,,,,,
4069,Bravely Second: End Layer,3DS,2015.0,Role-Playing,Nintendo,0.17,0.1,0.18,0.03,0.49,81.0,70.0,7.4,103.0,Silicon Studio,T
4072,Puzzle & Dragons Z + Super Mario Bros. Edition,3DS,2015.0,Puzzle,Nintendo,0.06,0.07,0.34,0.01,0.48,,,,,,
4081,Mad Max (2015),XOne,2015.0,Action,Warner Bros. Interactive Entertainment,0.28,0.16,0.0,0.04,0.48,,,,,,
4086,Skylanders: SuperChargers,WiiU,2015.0,Action,Activision,0.25,0.19,0.0,0.04,0.48,87.0,13.0,5.6,65.0,Vicarious Visions,E10+
4103,Dragon Ball: XenoVerse,PS3,2015.0,Fighting,Namco Bandai Games,0.16,0.13,0.14,0.06,0.48,,,7.1,62.0,Dimps Corporation,T
4117,NHL 16,XOne,2015.0,Sports,Electronic Arts,0.38,0.05,0.0,0.05,0.48,80.0,18.0,6,81.0,"EA Sports, EA Canada",E10+
4141,Rock Band 4,XOne,2015.0,Misc,Harmonix Music Systems,0.38,0.04,0.0,0.05,0.47,79.0,27.0,6.4,54.0,Harmonix Music Systems,T
4209,One Piece: Pirate Warriors 3,PS4,2015.0,Action,Namco Bandai Games,0.09,0.22,0.1,0.06,0.46,74.0,34.0,7.4,118.0,Omega Force,T
4258,Disney Infinity 3.0,WiiU,2015.0,Action,Disney Interactive Studios,0.21,0.21,0.0,0.04,0.46,,,,,,
4362,Disney Infinity 3.0,PS3,2015.0,Action,Disney Interactive Studios,0.16,0.21,0.0,0.07,0.45,,,,,,
4387,Mario Tennis Ultra Smash,WiiU,2015.0,Sports,Nintendo,0.13,0.15,0.14,0.02,0.44,58.0,58.0,5.3,133.0,"Nintendo, Camelot Software Planning",E
4481,Borderlands: The Handsome Collection,XOne,2015.0,Shooter,Take-Two Interactive,0.26,0.13,0.0,0.04,0.43,80.0,11.0,7.8,119.0,Gearbox Software,M
4506,WWE 2K16,X360,2015.0,Sports,Take-Two Interactive,0.27,0.12,0.0,0.04,0.43,,,5.4,25.0,Yuke's,T
4531,Wolfenstein: The Old Blood,PS4,2015.0,Action,Bethesda Softworks,0.1,0.25,0.02,0.06,0.43,76.0,54.0,8,267.0,MachineGames,
4573,Skylanders: SuperChargers,X360,2015.0,Action,Activision,0.25,0.13,0.0,0.04,0.42,,,5.4,5.0,Vicarious Visions,E10+
4653,Animal Crossing: Amiibo Festival,WiiU,2015.0,Misc,Nintendo,0.19,0.11,0.09,0.03,0.41,46.0,20.0,4.4,173.0,"Nintendo, Nd Cube",E
4681,Battlefield: Hardline,PS3,2015.0,Shooter,Electronic Arts,0.13,0.15,0.07,0.06,0.41,,,5.3,81.0,Visceral Games,M
4686,LEGO Dimensions,XOne,2015.0,Action,Warner Bros. Interactive Entertainment,0.22,0.15,0.0,0.04,0.41,80.0,12.0,6.9,27.0,Traveller's Tales,E10+
4722,God Eater 2: Rage Burst,PSV,2015.0,Role-Playing,Namco Bandai Games,0.0,0.03,0.37,0.01,0.41,,,8.1,16.0,Shift,T
4770,Tales of Zestiria,PS4,2015.0,Role-Playing,Namco Bandai Games,0.17,0.15,0.02,0.06,0.4,72.0,59.0,6.8,315.0,Bandai Namco Games,T
4836,Pro Evolution Soccer 2016,PS3,2015.0,Sports,Konami Digital Entertainment,0.09,0.12,0.15,0.04,0.4,,,7.2,40.0,Konami,E
4857,Disney Infinity 3.0,X360,2015.0,Action,Disney Interactive Studios,0.21,0.15,0.0,0.03,0.39,,,,,,
4879,Saints Row IV,PS4,2015.0,Action,Deep Silver,0.13,0.18,0.03,0.06,0.39,,,,,,
4886,Dishonored,PS4,2015.0,Action,Bethesda Softworks,0.12,0.2,0.02,0.06,0.39,,,,,,
4940,MLB 15: The Show,PS3,2015.0,Sports,Sony Computer Entertainment,0.31,0.01,0.0,0.07,0.39,,,8.2,6.0,SCEA San Diego Studios,E
4988,Rock Band 4,PS4,2015.0,Misc,Harmonix Music Systems,0.26,0.05,0.0,0.07,0.38,78.0,51.0,6.3,87.0,Harmonix Music Systems,T
5072,Farming Simulator 2015,PS3,2015.0,Simulation,Koch Media,0.11,0.2,0.0,0.06,0.37,,,,,,
5123,Destiny: The Taken King,PS3,2015.0,Shooter,Activision,0.17,0.11,0.02,0.06,0.37,,,5.5,81.0,Bungie,T
5124,Skylanders: SuperChargers,PS3,2015.0,Action,Activision,0.16,0.15,0.0,0.06,0.37,,,4.2,6.0,Vicarious Visions,E10+
5188,Sword Art Online: Lost Song,PSV,2015.0,Role-Playing,Namco Bandai Games,0.06,0.04,0.23,0.03,0.36,70.0,4.0,7.1,27.0,"Bandai Namco Games, Artdink",T
5215,Just Dance 2016,PS4,2015.0,Misc,Ubisoft,0.17,0.13,0.0,0.06,0.36,73.0,10.0,6.8,20.0,Ubisoft,E10+
5255,Farming Simulator 2015,PS4,2015.0,Simulation,Koch Media,0.1,0.2,0.0,0.06,0.35,,,,,,
5261,Farming Simulator 2015,X360,2015.0,Simulation,Koch Media,0.22,0.11,0.0,0.03,0.35,,,,,,
5295,Football Manager 2016,PC,2015.0,Simulation,Sega,0.0,0.33,0.0,0.02,0.35,81.0,34.0,6.9,97.0,Sega,E
5309,Destiny: The Taken King,X360,2015.0,Shooter,Activision,0.24,0.08,0.0,0.03,0.35,,,4.4,59.0,"Bungie Software, Bungie",T
5403,Disney Infinity 3.0,XOne,2015.0,Action,Disney Interactive Studios,0.2,0.11,0.0,0.03,0.34,,,,,,
5420,Dead or Alive 5,PS4,2015.0,Fighting,Tecmo Koei,0.09,0.13,0.08,0.04,0.34,,,,,,
5428,Disney Magic World 2,3DS,2015.0,Action,Nintendo,0.02,0.11,0.19,0.01,0.34,,,,,,
5502,Dragon Ball Z: Extreme Butoden,3DS,2015.0,Fighting,Namco Bandai Games,0.12,0.03,0.16,0.02,0.33,61.0,32.0,6.6,32.0,Arc System Works,T
5564,Hatsune Miku: Project Mirai DX,3DS,2015.0,Misc,Sega,0.16,0.04,0.1,0.02,0.32,80.0,32.0,8.5,71.0,Sega,E10+
5565,Just Dance 2016,XOne,2015.0,Misc,Ubisoft,0.25,0.04,0.0,0.03,0.32,66.0,10.0,6.1,18.0,Ubisoft,E10+
5583,Dragon Ball: XenoVerse,XOne,2015.0,Fighting,Namco Bandai Games,0.18,0.11,0.0,0.03,0.32,67.0,18.0,7.2,128.0,Dimps Corporation,T
5607,Just Dance 2016,X360,2015.0,Misc,Ubisoft,0.23,0.05,0.0,0.03,0.32,,,6,5.0,Ubisoft,E10+
5630,Persona 4: Dancing All Night,PSV,2015.0,Misc,Nippon Ichi Software,0.09,0.04,0.15,0.04,0.32,76.0,51.0,8.6,83.0,"Atlus, Dingo Inc.",T
5672,Rise of the Tomb Raider,X360,2015.0,Adventure,Square Enix,0.18,0.11,0.0,0.03,0.32,,,7.5,178.0,Nixxes Software,M
5746,Tropico 5,PS4,2015.0,Simulation,Kalypso Media,0.06,0.16,0.06,0.04,0.31,76.0,17.0,7.1,110.0,Haemimont,T
5753,Skylanders: SuperChargers,PS4,2015.0,Action,Activision,0.17,0.08,0.0,0.05,0.31,81.0,51.0,3.3,29.0,Vicarious Visions,E10+
5816,DmC: Devil May Cry,PS4,2015.0,Action,Capcom,0.12,0.13,0.0,0.05,0.31,,,,,,
5989,Deadpool,PS4,2015.0,Action,Activision,0.14,0.11,0.0,0.05,0.29,60.0,11.0,5.7,68.0,High Moon Studios,M
6014,Resident Evil: Revelations 2,PS3,2015.0,Action,Capcom,0.06,0.05,0.16,0.02,0.29,,,6.8,48.0,Capcom,M
6057,Disgaea 5: Alliance of Vengeance,PS4,2015.0,Role-Playing,Nippon Ichi Software,0.11,0.08,0.06,0.04,0.29,80.0,43.0,8.1,173.0,Nippon Ichi Software,T
6095,Battlefield: Hardline,X360,2015.0,Shooter,Electronic Arts,0.17,0.09,0.0,0.03,0.28,,,4.1,65.0,Visceral Games,M
6114,Divinity: Original Sin,PS4,2015.0,Role-Playing,Focus Home Interactive,0.1,0.12,0.02,0.04,0.28,,,,,,
6173,Payday 2,PS4,2015.0,Shooter,505 Games,0.1,0.14,0.0,0.05,0.28,,,,,,
6281,Guitar Hero Live,PS3,2015.0,Misc,Activision,0.11,0.12,0.0,0.04,0.27,,,5.1,22.0,"Activision, FreeStyleGames",T
6323,Rory McIlroy PGA Tour,XOne,2015.0,Action,Electronic Arts,0.16,0.09,0.0,0.02,0.27,60.0,26.0,4.3,77.0,EA Tiburon,E
6449,Tearaway Unfolded,PS4,2015.0,Platform,Sony Computer Entertainment,0.09,0.13,0.0,0.04,0.26,81.0,70.0,8.1,188.0,Media Molecule,E
6462,J Stars Victory Vs.,PS4,2015.0,Fighting,Namco Bandai Games,0.08,0.14,0.0,0.04,0.26,,,,,,
6464,Call of Duty: Black Ops 3,PC,2015.0,Shooter,Activision,0.0,0.25,0.0,0.01,0.26,,,,,,
6493,Project CARS,XOne,2015.0,Racing,Slightly Mad Studios,0.11,0.13,0.0,0.02,0.26,81.0,16.0,5.8,135.0,Slightly Mad Studios,E
6593,One Piece: Pirate Warriors 3,PS3,2015.0,Action,Namco Bandai Games,0.0,0.06,0.19,0.01,0.25,,,3.7,7.0,Omega Force,T
6602,Final Fantasy Type-0,XOne,2015.0,Role-Playing,Square Enix,0.16,0.07,0.0,0.02,0.25,,,,,,
6630,The Legend of Legacy,3DS,2015.0,Role-Playing,FuRyu,0.12,0.01,0.1,0.02,0.25,67.0,31.0,7.1,54.0,FuRyu,E10+
6657,Anno 2205,PC,2015.0,Strategy,Ubisoft,0.02,0.22,0.0,0.02,0.25,72.0,45.0,5.9,278.0,Blue Byte,E10+
6700,Shin Megami Tensei x Fire Emblem,WiiU,2015.0,Role-Playing,Nintendo,0.12,0.05,0.06,0.02,0.25,,,,,,
6702,Yakuza Zero: The Place of Oath,PS3,2015.0,Action,Sega,0.0,0.0,0.25,0.0,0.25,,,,,,
6757,Sword Art Online: Lost Song,PS4,2015.0,Role-Playing,Namco Bandai Games,0.1,0.11,0.0,0.04,0.25,63.0,32.0,6.3,60.0,"Bandai Namco Games, Artdink",T
6759,F1 2015,XOne,2015.0,Racing,Codemasters,0.08,0.15,0.0,0.02,0.25,64.0,13.0,5.3,22.0,Codemasters,E
6770,Stella Glow,3DS,2015.0,Role-Playing,Atlus,0.16,0.01,0.05,0.02,0.24,79.0,32.0,8.7,82.0,"Image Epoch, Imageepoch",T
6788,Skylanders: SuperChargers,XOne,2015.0,Action,Activision,0.17,0.05,0.0,0.02,0.24,76.0,15.0,5.5,17.0,Vicarious Visions,E10+
6826,Chibi-Robo! Zip Lash,3DS,2015.0,Platform,Nintendo,0.09,0.08,0.06,0.02,0.24,,,,,,
6829,Total War: Attila,PC,2015.0,Strategy,Sega,0.09,0.13,0.0,0.02,0.24,80.0,66.0,7.3,520.0,Creative Assembly,T
6868,Dragon Ball: XenoVerse,X360,2015.0,Fighting,Namco Bandai Games,0.17,0.04,0.0,0.02,0.24,,,6.7,46.0,Dimps Corporation,T
6878,Etrian Mystery Dungeon,3DS,2015.0,Role-Playing,Nippon Ichi Software,0.09,0.01,0.13,0.01,0.24,77.0,44.0,7.9,49.0,Spike Chunsoft,E10+
6946,Girls Mode 3: Kirakira Code,3DS,2015.0,Action,Nintendo,0.0,0.0,0.23,0.0,0.23,,,,,,
7039,Tom Clancy's Rainbow Six: Siege,PC,2015.0,Shooter,Ubisoft,0.13,0.08,0.0,0.02,0.23,79.0,37.0,6.9,734.0,Ubisoft Montreal,M
7072,Transformers: Devastation,PS4,2015.0,Action,Activision,0.1,0.09,0.0,0.04,0.23,77.0,50.0,7.5,160.0,PlatinumGames,T
7086,Dark Souls II,XOne,2015.0,Role-Playing,Namco Bandai Games,0.14,0.07,0.0,0.02,0.23,,,,,,
7114,Guitar Hero Live,X360,2015.0,Misc,Activision,0.13,0.08,0.0,0.02,0.23,,,5.5,19.0,Activision,T
7125,LEGO Jurassic World,PSV,2015.0,Action,Warner Bros. Interactive Entertainment,0.05,0.13,0.0,0.05,0.22,,,7.6,11.0,TT Games,E10+
7160,Darksiders II,PS4,2015.0,Action,Nordic Games,0.09,0.1,0.0,0.04,0.22,,,,,,
7172,Ride,PS4,2015.0,Racing,Milestone S.r.l.,0.04,0.13,0.03,0.03,0.22,66.0,30.0,7,47.0,Milestone S.r.l,E
7206,The Sims 4: Get Together,PC,2015.0,Simulation,Electronic Arts,0.05,0.15,0.0,0.02,0.22,72.0,16.0,7.3,117.0,Maxis,T
7338,Code Name: S.T.E.A.M.,3DS,2015.0,Strategy,Nintendo,0.14,0.05,0.01,0.02,0.21,69.0,69.0,7.7,125.0,Intelligent Systems,T
7358,LEGO Ninjago: Shadow of Ronin,3DS,2015.0,Action,Warner Bros. Interactive Entertainment,0.05,0.11,0.04,0.01,0.21,,,tbd,,TT Fusion,E10+
7384,Assassin's Creed Syndicate,PC,2015.0,Action,Ubisoft,0.11,0.09,0.0,0.02,0.21,74.0,14.0,5.9,544.0,Ubisoft Quebec,M
7417,State of Decay,XOne,2015.0,Strategy,Microsoft Game Studios,0.14,0.05,0.0,0.02,0.21,,,,,,
7480,Tony Hawk's Pro Skater 5,PS4,2015.0,Sports,Activision,0.09,0.08,0.0,0.03,0.21,32.0,43.0,1.5,427.0,Robomodo,T
7514,Saints Row IV,XOne,2015.0,Action,Deep Silver,0.1,0.09,0.0,0.02,0.2,,,,,,
7540,Zombie Army Trilogy,PS4,2015.0,Shooter,Rebellion Developments,0.05,0.12,0.0,0.03,0.2,62.0,26.0,6.8,88.0,Rebellion,
7576,FIFA 16,PC,2015.0,Sports,Electronic Arts,0.06,0.13,0.0,0.01,0.2,81.0,10.0,4.4,296.0,EA Sports,E
7640,Dying Light,PC,2015.0,Action,Warner Bros. Interactive Entertainment,0.12,0.06,0.0,0.02,0.2,75.0,40.0,7.9,1295.0,Techland,M
7673,Farming Simulator 2015,XOne,2015.0,Simulation,Koch Media,0.1,0.08,0.0,0.02,0.2,,,,,,
7760,Great Phoenix Wright: Ace Attorney - Naruhodou Ryuunosuke no Bouken,3DS,2015.0,Action,Capcom,0.0,0.0,0.19,0.0,0.19,,,,,,
7773,Just Dance 2016,PS3,2015.0,Misc,Ubisoft,0.1,0.06,0.0,0.03,0.19,,,4.2,6.0,Ubisoft,E10+
7811,Guitar Hero Live,WiiU,2015.0,Misc,Activision,0.12,0.05,0.0,0.02,0.19,84.0,4.0,6.1,36.0,"Activision, FreeStyleGames",T
7844,God Eater Resurrection,PSV,2015.0,Action,Namco Bandai Games,0.0,0.0,0.19,0.0,0.19,,,8.8,17.0,"Shift, Bandai Namco Games",T
7875,Evolve,PC,2015.0,Shooter,Take-Two Interactive,0.08,0.1,0.0,0.02,0.19,77.0,39.0,4.3,969.0,Turtle Rock Studios,M
7883,3rd Super Robot Wars Z: Tengoku-Hen,PSV,2015.0,Action,Namco Bandai Games,0.0,0.0,0.19,0.0,0.19,,,,,,
8031,Metal Gear Solid V: The Phantom Pain,X360,2015.0,Action,Konami Digital Entertainment,0.12,0.04,0.0,0.02,0.18,,,7.2,159.0,"Kojima Productions, Moby Dick Studio",M
8058,Saint Seiya: Soldiers' Soul,PS4,2015.0,Fighting,Namco Bandai Games,0.0,0.12,0.04,0.02,0.18,59.0,30.0,7.8,45.0,Dimps Corporation,T
8092,Senran Kagura: Estival Versus,PSV,2015.0,Action,Marvelous Interactive,0.04,0.02,0.09,0.02,0.18,71.0,4.0,7.4,34.0,Marvelous Inc.,M
8141,Payday 2,XOne,2015.0,Shooter,505 Games,0.09,0.07,0.0,0.02,0.18,,,,,,
8144,Senran Kagura: Estival Versus,PS4,2015.0,Action,Marvelous Interactive,0.08,0.0,0.08,0.02,0.18,67.0,25.0,8,96.0,Marvelous Inc.,M
8191,Back to the Future: The Game,PS4,2015.0,Adventure,Telltale Games,0.1,0.05,0.0,0.03,0.18,,,7.1,18.0,Telltale Games,T
8199,NBA Live 16,PS4,2015.0,Sports,Electronic Arts,0.1,0.04,0.0,0.03,0.18,59.0,27.0,6.1,70.0,EA Sports,E
8209,Yakuza Zero: The Place of Oath,PS4,2015.0,Action,Sega,0.0,0.0,0.17,0.0,0.17,,,,,,
8243,MotoGP 15,PS4,2015.0,Racing,Milestone S.r.l.,0.0,0.12,0.03,0.02,0.17,66.0,15.0,,,Milestone S.r.l,
8250,Toukiden Kiwami,PS4,2015.0,Action,Tecmo Koei,0.05,0.07,0.02,0.02,0.17,74.0,35.0,7.6,74.0,Koei Tecmo Games,T
8327,Project X Zone 2: Brave New World,3DS,2015.0,Role-Playing,Namco Bandai Games,0.05,0.03,0.08,0.01,0.17,,,,,,
8349,Digimon Story: Cyber Sleuth,PSV,2015.0,Role-Playing,Namco Bandai Games,0.0,0.0,0.17,0.0,0.17,,,8.8,92.0,Media Vision,T
8368,Bladestorm: Nightmare,PS4,2015.0,Action,Tecmo Koei,0.08,0.04,0.03,0.02,0.17,58.0,33.0,6.5,21.0,Omega Force,T
8422,Mobile Suit Gundam: Extreme VS Force,PSV,2015.0,Action,Namco Bandai Games,0.0,0.0,0.17,0.0,0.17,57.0,25.0,7.3,15.0,Bandai Namco Games,E10+
8435,NASCAR '15,X360,2015.0,Sports,Deep Silver,0.15,0.0,0.0,0.02,0.17,,,3.8,6.0,DMi Games,E
8447,One Piece: Pirate Warriors 3,PSV,2015.0,Action,Namco Bandai Games,0.0,0.03,0.13,0.01,0.17,76.0,4.0,6.3,17.0,Omega Force,T
8454,7th Dragon III Code: VFD,3DS,2015.0,Role-Playing,Sega,0.04,0.0,0.12,0.0,0.17,77.0,26.0,8.2,38.0,Sega,T
8519,Return to PopoloCrois: A Story of Seasons Fairytale,3DS,2015.0,Simulation,Marvelous Entertainment,0.05,0.0,0.1,0.01,0.16,72.0,28.0,6.8,15.0,Marvelous Inc.,E10+
8745,Wolfenstein: The Old Blood,XOne,2015.0,Action,Bethesda Softworks,0.07,0.07,0.0,0.01,0.15,75.0,23.0,8,101.0,MachineGames,
8761,Theatrhythm Dragon Quest,3DS,2015.0,Misc,Square Enix,0.0,0.0,0.15,0.0,0.15,,,,,,
8813,Tokyo Xanadu,PSV,2015.0,Role-Playing,Nihon Falcom Corporation,0.0,0.0,0.15,0.0,0.15,,,,,,
8821,3rd Super Robot Wars Z: Tengoku-Hen,PS3,2015.0,Action,Namco Bandai Games,0.0,0.0,0.15,0.0,0.15,,,,,,
8845,Pro Baseball Spirits 2015,PS3,2015.0,Action,Konami Digital Entertainment,0.0,0.0,0.15,0.0,0.15,,,,,,
8881,Dishonored,XOne,2015.0,Action,Bethesda Softworks,0.09,0.05,0.0,0.01,0.15,,,,,,
8907,Sumikko Gurashi: Omise Hajimerundesu,3DS,2015.0,Action,Nippon Columbia,0.0,0.0,0.15,0.0,0.15,,,,,,
8942,Skylanders: SuperChargers,Wii,2015.0,Action,Activision,0.02,0.12,0.0,0.01,0.15,,,,,,
9013,BlazBlue: Chrono Phantasma Extend,PS4,2015.0,Action,PQube,0.07,0.03,0.02,0.02,0.14,80.0,10.0,7.7,31.0,Arc System Works,T
9025,Famista Returns,3DS,2015.0,Sports,Namco Bandai Games,0.0,0.0,0.14,0.0,0.14,,,,,,
9038,Just Cause 3,PC,2015.0,Action,Square Enix,0.03,0.11,0.0,0.01,0.14,74.0,50.0,5.3,529.0,Avalanche Studios,M
9136,Cities: Skylines,PC,2015.0,Simulation,Paradox Interactive,0.0,0.13,0.0,0.01,0.14,85.0,60.0,8.9,1404.0,Colossal Order,E
9144,Shovel Knight,3DS,2015.0,Platform,Yacht Club Games,0.08,0.04,0.02,0.01,0.14,90.0,9.0,8.2,225.0,Yacht Club Games,E
9168,Monster Hunter Diary: Poka Poka Airou Village DX,3DS,2015.0,Action,Capcom,0.0,0.0,0.14,0.0,0.14,,,,,,
9208,Transformers: Devastation,XOne,2015.0,Action,Activision,0.09,0.04,0.0,0.01,0.14,75.0,25.0,7.9,55.0,PlatinumGames,T
9233,DmC: Devil May Cry,XOne,2015.0,Action,Capcom,0.08,0.04,0.0,0.01,0.14,,,,,,
9238,Battlefield: Hardline,PC,2015.0,Shooter,Electronic Arts,0.0,0.13,0.0,0.01,0.14,71.0,31.0,3.8,773.0,Visceral Games,M
9242,Brothers: A Tale of Two Sons,PS4,2015.0,Adventure,505 Games,0.03,0.08,0.0,0.02,0.14,81.0,10.0,8.6,73.0,Starbreeze,T
9368,Pro Baseball Spirits 2015,PSV,2015.0,Action,Konami Digital Entertainment,0.0,0.0,0.13,0.0,0.13,,,,,,
9413,Super Robot Wars BX,3DS,2015.0,Action,Namco Bandai Games,0.0,0.0,0.13,0.0,0.13,,,,,,
9426,Gravity Rush Remastered,PS4,2015.0,Action,Sony Computer Entertainment,0.02,0.05,0.04,0.01,0.13,80.0,62.0,8.2,153.0,Bluepoint Games,T
9448,Hasbro Family Fun Pack,XOne,2015.0,Misc,Ubisoft,0.1,0.02,0.0,0.01,0.13,,,tbd,,Ubisoft,E10+
9461,Batman: Arkham Knight,PC,2015.0,Action,Warner Bros. Interactive Entertainment,0.09,0.03,0.0,0.01,0.13,70.0,14.0,2.5,1967.0,"Rocksteady Studios, Iron Galaxy Studios",M
9500,Final Fantasy XIV: Heavensward,PS4,2015.0,Action,Square Enix,0.0,0.06,0.06,0.01,0.13,86.0,20.0,7.6,225.0,Square Enix,T
9539,Assassination Classroom: Grand Siege on Kuro-sensei,3DS,2015.0,Action,Namco Bandai Games,0.0,0.0,0.13,0.0,0.13,,,,,,
9643,Project CARS,PC,2015.0,Racing,Slightly Mad Studios,0.0,0.12,0.0,0.01,0.13,83.0,48.0,7.1,418.0,Slightly Mad Studios,E
9654,Deadpool,XOne,2015.0,Action,Activision,0.09,0.03,0.0,0.01,0.12,,,5.7,23.0,High Moon Studios,M
9767,Don Bradman Cricket 14,PS4,2015.0,Sports,Tru Blu Entertainment,0.01,0.09,0.0,0.02,0.12,76.0,4.0,7.4,19.0,Big Ant Studios,E
9771,Atelier Sophie: The Alchemist of the Mysterious Book,PS4,2015.0,Role-Playing,Tecmo Koei,0.03,0.02,0.06,0.01,0.12,75.0,32.0,8.1,47.0,Gust,
9781,Sword Art Online: Hollow Fragment,PS4,2015.0,Role-Playing,Namco Bandai Games,0.0,0.1,0.0,0.02,0.12,,,,,,
9826,Shin Megami Tensei: Devil Survivor 2,3DS,2015.0,Role-Playing,Atlus,0.0,0.02,0.09,0.0,0.12,,,,,,
9853,Tony Hawk's Pro Skater 5,XOne,2015.0,Sports,Activision,0.09,0.02,0.0,0.01,0.12,39.0,18.0,2.1,132.0,Robomodo,T
9855,Rodea the Sky Soldier,WiiU,2015.0,Action,Nippon Ichi Software,0.08,0.02,0.01,0.01,0.12,45.0,31.0,6.5,81.0,"Prope, Kadokawa",E10+
9869,Skylanders: SuperChargers,3DS,2015.0,Action,Activision,0.05,0.06,0.0,0.01,0.12,,,tbd,,Vicarious Visions,E10+
9923,Samurai Warriors 4-II,PS4,2015.0,Action,Tecmo Koei,0.03,0.02,0.06,0.01,0.12,73.0,26.0,7.3,24.0,Omega Force,T
10016,Rugby 15,PS4,2015.0,Sports,Bigben Interactive,0.04,0.06,0.0,0.02,0.11,19.0,5.0,3.4,65.0,HB Studios Multimedia,E
10065,Samurai Warriors 4-II,PS3,2015.0,Action,Tecmo Koei,0.0,0.0,0.11,0.0,0.11,,,tbd,,Omega Force,T
10080,Super Run For Money Tousouchuu Atsumare! Saikyou no Tousou Monotachi,3DS,2015.0,Action,Namco Bandai Games,0.0,0.0,0.11,0.0,0.11,,,,,,
10149,LEGO Ninjago: Shadow of Ronin,PSV,2015.0,Action,Warner Bros. Interactive Entertainment,0.01,0.08,0.0,0.02,0.11,70.0,5.0,tbd,,TT Fusion,E10+
10189,PriPara Mezase! Idol Grand Prix No.1!,3DS,2015.0,Misc,Takara Tomy,0.0,0.0,0.11,0.0,0.11,,,,,,
10199,Valkyrie Drive: Bhikkhuni,PSV,2015.0,Action,PQube,0.0,0.03,0.07,0.01,0.11,72.0,7.0,8.5,11.0,Marvelous Inc.,M
10233,Yomawari,PSV,2015.0,Adventure,Nippon Ichi Software,0.02,0.02,0.06,0.01,0.11,,,,,,
10253,Wasteland 2,PS4,2015.0,Role-Playing,Deep Silver,0.08,0.0,0.02,0.02,0.11,,,,,,
10279,Picross 3D 2,3DS,2015.0,Puzzle,Nintendo,0.0,0.0,0.11,0.0,0.11,,,,,,
10298,NBA Live 16,XOne,2015.0,Sports,Electronic Arts,0.09,0.01,0.0,0.01,0.11,60.0,17.0,5.6,62.0,EA Sports,E
10317,Zombie Army Trilogy,XOne,2015.0,Shooter,Rebellion Developments,0.05,0.05,0.0,0.01,0.11,62.0,10.0,7.2,40.0,Rebellion,
10327,God Eater 2: Rage Burst,PS4,2015.0,Role-Playing,Namco Bandai Games,0.0,0.01,0.09,0.0,0.11,69.0,35.0,8,79.0,Shift,T
10344,Pro Evolution Soccer 2016,XOne,2015.0,Sports,Konami Digital Entertainment,0.04,0.06,0.0,0.01,0.11,85.0,14.0,6.2,144.0,Konami,E
10421,Taiko no Tatsujin: V Version,PSV,2015.0,Action,Namco Bandai Games,0.0,0.0,0.1,0.0,0.1,,,,,,
10453,Wasteland 2,PC,2015.0,Role-Playing,inXile Entertainment,0.03,0.06,0.0,0.01,0.1,81.0,65.0,7.3,1170.0,InXile Entertainment,M
10516,Ride,XOne,2015.0,Racing,Milestone S.r.l.,0.04,0.05,0.0,0.01,0.1,54.0,9.0,5.3,17.0,Milestone S.r.l,E
10606,Resident Evil: Revelations 2,PSV,2015.0,Action,Capcom,0.0,0.03,0.07,0.01,0.1,65.0,12.0,7.8,63.0,Frima Studio,M
10621,Resident Evil: Revelations 2,XOne,2015.0,Action,Capcom,0.07,0.02,0.0,0.01,0.1,75.0,22.0,7.5,106.0,Capcom,M
10631,Earth Defense Force 2025.1: The Shadow of New Despair,PS4,2015.0,Action,D3Publisher,0.0,0.0,0.1,0.0,0.1,,,,,,
10644,Sword Art Online: Lost Song,PS3,2015.0,Role-Playing,Namco Bandai Games,0.0,0.0,0.1,0.0,0.1,,,,,,
10689,NBA 2K16,PC,2015.0,Sports,Take-Two Interactive,0.03,0.06,0.0,0.01,0.1,,,5.7,65.0,2K Sports,E10+
10725,Ultra Street Fighter IV,PS4,2015.0,Fighting,Capcom,0.0,0.08,0.0,0.01,0.1,71.0,28.0,5.9,94.0,Other Ocean Interactive,T
10729,The Crew: Wild Run,PS4,2015.0,Action,Ubisoft,0.0,0.08,0.0,0.01,0.1,73.0,13.0,6.8,50.0,Ivory Tower,T
10746,Pro Evolution Soccer 2016,X360,2015.0,Sports,Konami Digital Entertainment,0.04,0.05,0.0,0.01,0.1,,,7,34.0,Konami,E
10778,Shovel Knight,WiiU,2015.0,Platform,Yacht Club Games,0.05,0.04,0.0,0.01,0.1,88.0,24.0,8.3,280.0,Yacht Club Games,E
10803,Samurai Warriors 4: Empires,PS4,2015.0,Action,Tecmo Koei,0.02,0.01,0.06,0.01,0.1,71.0,29.0,6.5,15.0,Omega Force,T
10888,Devil May Cry 4,PS4,2015.0,Action,Capcom,0.01,0.0,0.08,0.0,0.09,,,,,,
10894,Adventure Time: Finn & Jake Investigations,PS4,2015.0,Action,Little Orbit,0.03,0.05,0.0,0.02,0.09,,,,,,
10907,MegaTagmension Blanc + Neptune VS Zombies,PSV,2015.0,Action,Idea Factory International,0.02,0.01,0.05,0.01,0.09,,,,,,
10928,Minecraft: Story Mode,PC,2015.0,Adventure,Mojang,0.02,0.06,0.0,0.01,0.09,,,,,,
10960,Steins;Gate 0,PSV,2015.0,Adventure,PQube,0.0,0.03,0.05,0.01,0.09,86.0,7.0,9.3,20.0,5pb,M
11060,Pokemon Rumble World,3DS,2015.0,Action,Nintendo,0.0,0.01,0.08,0.0,0.09,58.0,16.0,6.4,69.0,"Ambrella, The Pokemon Company",E10+
11066,Rugby 15,PS3,2015.0,Sports,Bigben Interactive,0.03,0.05,0.0,0.01,0.09,,,tbd,,HB Studios Multimedia,E
11084,SpongeBob: HeroPants,X360,2015.0,Platform,Activision,0.08,0.0,0.0,0.01,0.09,,,3.4,20.0,Activision,E
11103,Arslan: The Warriors of Legend,PS4,2015.0,Action,Tecmo Koei,0.03,0.01,0.04,0.01,0.09,69.0,43.0,6.6,23.0,Omega Force,T
11130,Might & Magic Heroes VII,PC,2015.0,Strategy,Ubisoft,0.0,0.08,0.0,0.0,0.09,,,,,,
11146,Wolfenstein: The Old Blood,PC,2015.0,Action,Bethesda Softworks,0.0,0.08,0.0,0.0,0.09,76.0,30.0,7.6,338.0,MachineGames,M
11154,Adventure Time: Finn & Jake Investigations,PS3,2015.0,Action,Little Orbit,0.02,0.05,0.0,0.01,0.09,,,,,,
11168,Sengoku Basara 4: Sumeragi,PS3,2015.0,Action,Capcom,0.0,0.0,0.09,0.0,0.09,,,,,,
11173,WRC 5: FIA World Rally Championship,PS3,2015.0,Sports,Bigben Interactive,0.02,0.05,0.0,0.01,0.09,,,,,,
11201,Dead or Alive 5,XOne,2015.0,Fighting,Tecmo Koei,0.05,0.03,0.01,0.01,0.09,,,,,,
11223,Rugby 15,XOne,2015.0,Sports,Bigben Interactive,0.03,0.05,0.0,0.01,0.09,20.0,4.0,3.1,30.0,HB Studios Multimedia,E
11225,The Witch and the Hundred Knight,PS4,2015.0,Role-Playing,Nippon Ichi Software,0.02,0.01,0.05,0.01,0.09,,,,,,
11227,Kuroko's Basketball: Ties to Future,3DS,2015.0,Action,Namco Bandai Games,0.0,0.0,0.09,0.0,0.09,,,,,,
11294,Adventure Time: Finn & Jake Investigations,3DS,2015.0,Action,Little Orbit,0.03,0.05,0.0,0.01,0.08,,,,,,
11322,The Seven Deadly Sins: Unjust Sin,3DS,2015.0,Adventure,Namco Bandai Games,0.0,0.0,0.08,0.0,0.08,,,,,,
11370,God Eater Resurrection,PS4,2015.0,Action,Namco Bandai Games,0.0,0.0,0.08,0.0,0.08,70.0,18.0,7.8,44.0,"Shift, Bandai Namco Games",T
11380,Shovel Knight,PS4,2015.0,Platform,Yacht Club Games,0.03,0.03,0.0,0.01,0.08,90.0,18.0,7.6,312.0,Yacht Club Games,E
11392,Transformers: Devastation,PS3,2015.0,Action,Activision,0.03,0.04,0.0,0.01,0.08,,,7.1,17.0,PlatinumGames,T
11440,Transformers: Devastation,X360,2015.0,Action,Activision,0.06,0.01,0.0,0.01,0.08,,,8.4,25.0,PlatinumGames,T
11487,Uta no Prince-Sama: All Star After Secret,PSP,2015.0,Action,Broccoli,0.0,0.0,0.08,0.0,0.08,,,,,,
11586,Assassin's Creed: Rogue,PC,2015.0,Action,Ubisoft,0.05,0.02,0.0,0.01,0.08,74.0,25.0,7.5,362.0,Ubisoft,M
11611,Dragon's Dogma Online,PS4,2015.0,Role-Playing,Capcom,0.0,0.0,0.08,0.0,0.08,,,,,,
11653,Just Dance: Disney Party 2,WiiU,2015.0,Action,Ubisoft,0.06,0.01,0.0,0.01,0.08,,,tbd,,Ubisoft,E
11659,Metal Gear Solid V: The Phantom Pain,PC,2015.0,Action,Konami Digital Entertainment,0.0,0.07,0.0,0.0,0.08,91.0,13.0,7.7,1963.0,Kojima Productions,M
11666,Adventure Time: Finn & Jake Investigations,X360,2015.0,Action,Little Orbit,0.03,0.05,0.0,0.01,0.08,,,,,,
11708,Yoru no Nai Kuni,PS4,2015.0,Role-Playing,Tecmo Koei,0.0,0.0,0.08,0.0,0.08,,,,,,
11725,Romance of the Three Kingdoms 13,PS4,2015.0,Action,Tecmo Koei,0.02,0.0,0.05,0.01,0.08,,,,,,
11741,Aikatsu! My No.1 Stage!,3DS,2015.0,Misc,Namco Bandai Games,0.0,0.0,0.08,0.0,0.08,,,,,,
11752,Yoru no Nai Kuni,PSV,2015.0,Role-Playing,Tecmo Koei,0.0,0.0,0.08,0.0,0.08,,,,,,
11762,Grand Ages: Medieval,PS4,2015.0,Strategy,Kalypso Media,0.0,0.05,0.02,0.01,0.07,64.0,10.0,7.1,12.0,Gaming Minds Studios,T
11779,Kenka Banchou 6: Soul & Blood,3DS,2015.0,Fighting,Screenlife,0.0,0.0,0.07,0.0,0.07,,,,,,
11784,Divinity: Original Sin,XOne,2015.0,Role-Playing,Focus Home Interactive,0.04,0.03,0.0,0.01,0.07,,,,,,
11828,Utawarerumono: Itsuwari no Kamen,PSV,2015.0,Adventure,Aqua Plus,0.0,0.0,0.07,0.0,0.07,,,,,,
11840,Toy Soldiers: War Chest,PS4,2015.0,Action,Ubisoft,0.06,0.0,0.0,0.01,0.07,62.0,19.0,7.7,61.0,Krome Studios,
11873,Fairy Fencer F: Advent Dark Force,PS4,2015.0,Role-Playing,Idea Factory International,0.02,0.0,0.05,0.0,0.07,71.0,21.0,6.2,34.0,Compile Heart,T
11959,Just Dance: Disney Party 2,XOne,2015.0,Action,Ubisoft,0.05,0.01,0.0,0.01,0.07,,,tbd,,Ubisoft,E
11964,Grand Kingdom,PS4,2015.0,Role-Playing,Nippon Ichi Software,0.03,0.0,0.03,0.01,0.07,78.0,33.0,8.1,63.0,Spike Chunsoft,T
11984,The Legend of Heroes: Trails in the Sky First Chapter,PSV,2015.0,Role-Playing,Kadokawa Shoten,0.0,0.0,0.07,0.0,0.07,,,,,,
12006,Resident Evil: Revelations 2,X360,2015.0,Action,Capcom,0.04,0.02,0.0,0.01,0.07,,,6.6,48.0,Capcom,M
12013,IA/VT Colorful,PSV,2015.0,Misc,Marvelous Entertainment,0.0,0.0,0.07,0.0,0.07,,,,,,
12036,Tony Hawk's Pro Skater 5,X360,2015.0,Sports,Activision,0.06,0.0,0.0,0.01,0.07,,,2.8,10.0,Robomodo,T
12105,Lost Heroes 2,3DS,2015.0,Action,Namco Bandai Games,0.0,0.0,0.07,0.0,0.07,,,,,,
12135,Legend of Kay,PS4,2015.0,Action,Nordic Games,0.02,0.03,0.0,0.01,0.07,,,,,,
12138,The Book of Unwritten Tales 2,PS4,2015.0,Adventure,Nordic Games,0.0,0.06,0.0,0.01,0.07,63.0,9.0,8.6,7.0,KING Art,
12152,Future Card Buddy Fight: Yuujou no Bakunetsu Fight,3DS,2015.0,Action,FuRyu,0.0,0.0,0.07,0.0,0.07,,,,,,
12232,BlazBlue: Chrono Phantasma Extend,XOne,2015.0,Action,PQube,0.05,0.01,0.0,0.01,0.07,,,6.3,4.0,Arc System Works,T
12266,Just Dance: Disney Party 2,X360,2015.0,Action,Ubisoft,0.05,0.01,0.0,0.01,0.07,,,tbd,,Ubisoft,E
12275,Broken Sword 5: The Serpent's Curse,PS4,2015.0,Adventure,Revolution Software,0.0,0.06,0.0,0.01,0.07,72.0,14.0,7.2,23.0,Revolution Software,T
12311,Taiko no Tatsujin: Atsumete Tomodachi Daisakusen!,WiiU,2015.0,Misc,Namco Bandai Games,0.0,0.0,0.06,0.0,0.06,,,,,,
12329,Darksiders II,XOne,2015.0,Action,Nordic Games,0.04,0.02,0.0,0.01,0.06,,,,,,
12334,Mario vs. Donkey Kong: Tipping Stars,3DS,2015.0,Puzzle,Nintendo,0.0,0.0,0.06,0.0,0.06,70.0,15.0,7.5,48.0,"Nintendo, Nintendo Software Technology",E
12412,NHL Legacy,X360,2015.0,Action,Electronic Arts,0.06,0.0,0.0,0.01,0.06,,,,,,
12415,Disney Infinity 2.0: Marvel Super Heroes,PSV,2015.0,Action,Disney Interactive Studios,0.0,0.05,0.0,0.01,0.06,,,,,,
12431,Nights of Azure,PS4,2015.0,Action,Tecmo Koei,0.03,0.02,0.0,0.01,0.06,67.0,40.0,7.6,71.0,Gust,T
12463,Grand Kingdom,PSV,2015.0,Role-Playing,Nippon Ichi Software,0.01,0.01,0.04,0.01,0.06,76.0,11.0,8.8,33.0,Spike Chunsoft,T
12464,Risen 3: Titan Lords,PS4,2015.0,Role-Playing,Deep Silver,0.0,0.05,0.0,0.01,0.06,,,,,,
12477,Earth Defense Force 4.1: The Shadow of New Despair,PS4,2015.0,Shooter,Xseed Games,0.03,0.02,0.0,0.01,0.06,64.0,40.0,7.9,51.0,Sandlot,M
12534,Genkai Tokki: Moero Crystal,PSV,2015.0,Role-Playing,Compile Heart,0.0,0.0,0.06,0.0,0.06,,,,,,
12568,Atelier Sophie: The Alchemist of the Mysterious Book,PSV,2015.0,Role-Playing,Tecmo Koei,0.0,0.0,0.06,0.0,0.06,,,8,14.0,Gust,T
12576,Doraemon: Nobita no Uchuu Eiyuuki,3DS,2015.0,Action,FuRyu,0.0,0.0,0.06,0.0,0.06,,,,,,
12592,Tony Hawk's Pro Skater 5,PS3,2015.0,Sports,Activision,0.05,0.0,0.0,0.01,0.06,,,3.1,12.0,Robomodo,T
12605,Devil's Third,WiiU,2015.0,Action,Nintendo,0.04,0.02,0.0,0.01,0.06,43.0,54.0,6.5,283.0,Valhalla Game Studios,M
12648,Utawarerumono: Itsuwari no Kamen,PS4,2015.0,Adventure,Aqua Plus,0.0,0.0,0.06,0.0,0.06,,,,,,
12677,Toy Soldiers: War Chest,XOne,2015.0,Action,Ubisoft,0.05,0.0,0.0,0.01,0.06,60.0,14.0,8.4,50.0,Krome Studios,
12684,Exist Archive: The Other Side of the Sky,PSV,2015.0,Role-Playing,Aksys Games,0.01,0.0,0.05,0.0,0.06,71.0,8.0,8.3,12.0,Tri-Ace,T
12723,Samurai Warriors 4: Empires,PS3,2015.0,Action,Tecmo Koei,0.0,0.0,0.06,0.0,0.06,,,tbd,,Omega Force,T
12729,MX vs. ATV Supercross Encore,PS4,2015.0,Sports,Nordic Games,0.0,0.05,0.0,0.01,0.06,42.0,8.0,4.1,9.0,Rainbow Studios,E
12757,Rugby World Cup 2015,PS4,2015.0,Sports,Ubisoft,0.0,0.05,0.0,0.01,0.06,25.0,6.0,1.9,39.0,HB Studios Multimedia,E
12767,Rugby World Cup 2015,PS3,2015.0,Sports,Ubisoft,0.0,0.05,0.0,0.01,0.06,,,tbd,,HB Studios Multimedia,E
12794,Miracle Girls Festival,PSV,2015.0,Misc,Sega,0.0,0.0,0.06,0.0,0.06,,,,,,
12818,Handball 16,PS4,2015.0,Sports,Bigben Interactive,0.0,0.05,0.0,0.01,0.06,,,3,4.0,EKO Software,E
12822,Samurai Warriors 4: Empires,PSV,2015.0,Action,Tecmo Koei,0.0,0.0,0.06,0.0,0.06,,,tbd,,Omega Force,T
12855,Saki: Zenkoku-hen,PSV,2015.0,Misc,Kaga Create,0.0,0.0,0.06,0.0,0.06,,,,,,
12891,Chaos;Child,PSV,2015.0,Adventure,5pb,0.0,0.0,0.05,0.0,0.05,,,,,,
12916,Samurai Warriors 4-II,PSV,2015.0,Action,Tecmo Koei,0.0,0.0,0.05,0.0,0.05,,,tbd,,Omega Force,T
12921,Adventure Time: Finn & Jake Investigations,XOne,2015.0,Action,Little Orbit,0.03,0.02,0.0,0.0,0.05,,,,,,
12924,New Prince of Tennis: Go to the Top,3DS,2015.0,Action,FuRyu,0.0,0.0,0.05,0.0,0.05,,,,,,
12933,Goosebumps: The Game,3DS,2015.0,Adventure,WayForward Technologies,0.05,0.0,0.0,0.01,0.05,,,tbd,,WayForward,E10+
12945,MotoGP 15,PS3,2015.0,Racing,Milestone S.r.l.,0.0,0.02,0.03,0.0,0.05,,,tbd,,Milestone S.r.l,E10+
12946,Criminal Girls 2,PSV,2015.0,Role-Playing,Nippon Ichi Software,0.01,0.01,0.03,0.01,0.05,,,,,,
12947,Omega Labyrinth,PSV,2015.0,Role-Playing,D3Publisher,0.0,0.0,0.05,0.0,0.05,,,,,,
12987,Arcania: Gothic 4,PS4,2015.0,Role-Playing,Nordic Games,0.04,0.0,0.0,0.01,0.05,,,,,,
13006,WRC 5: FIA World Rally Championship,PS4,2015.0,Sports,Bigben Interactive,0.0,0.05,0.0,0.01,0.05,,,,,,
13010,F1 2015,PC,2015.0,Racing,Codemasters,0.0,0.05,0.0,0.0,0.05,61.0,13.0,3.6,63.0,Codemasters,E
13012,Luminous Arc Infinity,PSV,2015.0,Action,Marvel Entertainment,0.0,0.0,0.05,0.0,0.05,,,,,,
13044,Adventure Time: Finn & Jake Investigations,WiiU,2015.0,Action,Little Orbit,0.03,0.02,0.0,0.0,0.05,,,,,,
13048,Mortal Kombat X,PC,2015.0,Fighting,Warner Bros. Interactive Entertainment,0.01,0.04,0.0,0.0,0.05,76.0,10.0,5.1,475.0,High Voltage Software,M
13054,To Heart 2: Dungeon Travelers,PSV,2015.0,Adventure,Aqua Plus,0.0,0.0,0.05,0.0,0.05,,,,,,
13055,Bladestorm: Nightmare,XOne,2015.0,Action,Tecmo Koei,0.03,0.02,0.0,0.0,0.05,48.0,6.0,7.1,8.0,Omega Force,T
13068,Wasteland 2,XOne,2015.0,Role-Playing,Deep Silver,0.04,0.01,0.0,0.01,0.05,77.0,13.0,7.1,56.0,InXile Entertainment,M
13079,Game of Thrones (Telltale),PS4,2015.0,Adventure,Telltale Games,0.04,0.0,0.0,0.01,0.05,,,,,,
13081,Legend of Kay,WiiU,2015.0,Action,Nordic Games,0.03,0.02,0.0,0.0,0.05,,,,,,
13114,Shiren the Wanderer 5 Plus: Fortune Tower and the Dice of Fate,PSV,2015.0,Action,Aksys Games,0.01,0.0,0.04,0.0,0.05,,,,,,
13129,Downtown no Gaki no Tsukai Yaarahen de!! Zettai ni Tsukamatte Haikenai Gasu Kurobikari Land,3DS,2015.0,Action,Alchemist,0.0,0.0,0.05,0.0,0.05,,,,,,
13144,Steins;Gate 0,PS4,2015.0,Adventure,PQube,0.0,0.0,0.05,0.0,0.05,81.0,17.0,8.3,29.0,5pb,M
13170,Ride,PS3,2015.0,Racing,Milestone S.r.l.,0.0,0.03,0.01,0.01,0.05,,,4.8,4.0,Milestone S.r.l,
13180,Sengoku Basara 4: Sumeragi,PS4,2015.0,Action,Capcom,0.0,0.0,0.05,0.0,0.05,,,,,,
13213,Sword Art Online: Game Director's Edition,PS4,2015.0,Role-Playing,Namco Bandai Games,0.0,0.0,0.05,0.0,0.05,,,,,,
13241,Grand Ages: Medieval,PC,2015.0,Strategy,Kalypso Media,0.0,0.05,0.0,0.0,0.05,63.0,11.0,5.4,52.0,Gaming Minds Studios,T
13251,Saints Row: Gat out of Hell,PS4,2015.0,Action,Deep Silver,0.0,0.04,0.0,0.01,0.05,64.0,45.0,5.7,98.0,Volition Inc.,M
13314,Utawarerumono: Itsuwari no Kamen,PS3,2015.0,Adventure,Aqua Plus,0.0,0.0,0.05,0.0,0.05,,,,,,
13350,Tokyo Ghoul: Jail,PSV,2015.0,Racing,Namco Bandai Games,0.0,0.0,0.05,0.0,0.05,,,,,,
13374,Arslan: The Warriors of Legend,PS3,2015.0,Action,Tecmo Koei,0.0,0.0,0.05,0.0,0.05,,,tbd,,Omega Force,T
13390,Yoru no Nai Kuni,PS3,2015.0,Role-Playing,Tecmo Koei,0.0,0.0,0.05,0.0,0.05,,,,,,
13487,Atelier Escha & Logy: Alchemists of the Dusk Sky,PSV,2015.0,Role-Playing,Tecmo Koei,0.0,0.0,0.05,0.0,0.05,,,,,,
13516,Monster High: New Ghoul in School,3DS,2015.0,Action,Little Orbit,0.0,0.04,0.0,0.0,0.04,,,tbd,,"Torus Games, Little Orbit",E
13521,World Trigger: Borderless Mission,PSV,2015.0,Action,Namco Bandai Games,0.0,0.0,0.04,0.0,0.04,,,,,,
13560,Pro Evolution Soccer 2016,PC,2015.0,Sports,Konami Digital Entertainment,0.0,0.04,0.0,0.0,0.04,76.0,12.0,4.3,286.0,Konami,E
13589,Shantae and the Pirate's Curse,3DS,2015.0,Platform,Rising Star Games,0.01,0.0,0.03,0.0,0.04,82.0,18.0,8.5,86.0,WayForward,E10+
13590,Yowamushi Pedal,3DS,2015.0,Action,Namco Bandai Games,0.0,0.0,0.04,0.0,0.04,,,,,,
13640,Saint Seiya: Soldiers' Soul,PS3,2015.0,Fighting,Namco Bandai Games,0.0,0.0,0.04,0.0,0.04,,,6.3,4.0,Dimps Corporation,T
13644,Brothers: A Tale of Two Sons,XOne,2015.0,Adventure,505 Games,0.03,0.01,0.0,0.0,0.04,81.0,6.0,8.9,26.0,Starbreeze,T
13645,NHL Legacy,PS3,2015.0,Action,Electronic Arts,0.03,0.0,0.0,0.01,0.04,,,,,,
13668,Nitroplus Blasterz: Heroines Infinite Duel,PS4,2015.0,Fighting,Marvelous Interactive,0.01,0.0,0.02,0.0,0.04,70.0,33.0,6.9,28.0,"Examu, Marvelous Inc.",T
13695,Gravity Falls: Legend of the Gnome Gemulets,3DS,2015.0,Action,Ubisoft,0.03,0.0,0.0,0.0,0.04,46.0,4.0,5.8,10.0,Ubisoft Osaka,E
13696,Rodea the Sky Soldier,3DS,2015.0,Action,Nippon Ichi Software,0.03,0.0,0.0,0.0,0.04,45.0,7.0,5.6,37.0,"Prope, Kadokawa",E10+
13720,Civilization Beyond Earth: Rising Tide,PC,2015.0,Strategy,Take-Two Interactive,0.0,0.04,0.0,0.0,0.04,,,,,,
13732,Romance of the Three Kingdoms 13,PS3,2015.0,Action,Tecmo Koei,0.0,0.0,0.04,0.0,0.04,,,,,,
13783,Monster High: New Ghoul in School,PS3,2015.0,Action,Little Orbit,0.0,0.03,0.0,0.01,0.04,,,tbd,,"Torus Games, Little Orbit",E
13862,BlazBlue: Chrono Phantasma Extend,PS3,2015.0,Action,PQube,0.0,0.0,0.04,0.0,0.04,,,8.3,10.0,Arc System Works,T
13864,Yuki Yuna is a Hero: Memory of the Forest,PSV,2015.0,Action,FuRyu,0.0,0.0,0.04,0.0,0.04,,,,,,
13892,The Sims 4: Spa Day,PC,2015.0,Simulation,Electronic Arts,0.0,0.04,0.0,0.0,0.04,,,7.6,26.0,Maxis,T
13894,Game of Thrones (Telltale),PS3,2015.0,Adventure,Telltale Games,0.02,0.02,0.0,0.01,0.04,,,,,,
13896,Hyperdimension Neptunia Victory II,PS4,2015.0,Role-Playing,Idea Factory International,0.0,0.0,0.04,0.0,0.04,,,,,,
13898,Tsurugi no Machi no Ihoujin: Kuro no Kyuuden,PSV,2015.0,Role-Playing,Experience Inc.,0.0,0.0,0.04,0.0,0.04,,,,,,
13905,SpongeBob: HeroPants,3DS,2015.0,Platform,Activision,0.03,0.0,0.0,0.0,0.04,,,tbd,,Activision,E
13910,Corpse Party: Blood Covered - Repeated Fear,3DS,2015.0,Adventure,5pb,0.0,0.0,0.04,0.0,0.04,,,,,,
13919,Gal Gun: Double Peace,PSV,2015.0,Action,PQube,0.0,0.02,0.01,0.01,0.04,,,8.1,10.0,"Alchemist, Inti Creates",M
13929,Don Bradman Cricket 14,XOne,2015.0,Sports,Tru Blu Entertainment,0.0,0.04,0.0,0.0,0.04,,,,,,
13942,LEGO Jurassic World,PC,2015.0,Action,Warner Bros. Interactive Entertainment,0.0,0.04,0.0,0.0,0.04,72.0,8.0,7.1,31.0,TT Games,E10+
13944,Famicom Remix Best Choice,3DS,2015.0,Action,Nintendo,0.0,0.0,0.04,0.0,0.04,,,,,,
13957,The Idolm@ster: Must Songs - Red Board / Blue Board,PSV,2015.0,Misc,Namco Bandai Games,0.0,0.0,0.04,0.0,0.04,,,,,,
13959,Train Simulator 2016,PC,2015.0,Simulation,Unknown,0.0,0.04,0.0,0.0,0.04,,,4,8.0,Dovetail Games,E
13994,Exist Archive: The Other Side of the Sky,PS4,2015.0,Role-Playing,Aksys Games,0.01,0.0,0.03,0.0,0.04,69.0,13.0,7.9,16.0,Tri-Ace,T
14002,Assassin's Creed Chronicles: China,PS4,2015.0,Action,Ubisoft,0.0,0.03,0.0,0.01,0.04,69.0,44.0,6.4,83.0,"Climax Group, Climax Studios",T
14012,Ray Gigant,PSV,2015.0,Role-Playing,Namco Bandai Games,0.0,0.0,0.04,0.0,0.04,72.0,14.0,8.1,25.0,Bandai Namco Games,T
14044,Nobunaga's Ambition II,3DS,2015.0,Strategy,Tecmo Koei,0.0,0.0,0.04,0.0,0.04,,,,,,
14093,Stranger of Sword City,PSV,2015.0,Role-Playing,Nippon Ichi Software,0.02,0.0,0.0,0.01,0.04,71.0,24.0,8,30.0,Experience Inc.,T
14105,DoraMoji: Nobita no Kanji Daisakusen,3DS,2015.0,Misc,Shogakukan,0.0,0.0,0.04,0.0,0.04,,,,,,
14142,The Legend of Heroes: Trails in the Sky SC Evolution,PSV,2015.0,Role-Playing,Kadokawa Games,0.0,0.0,0.03,0.0,0.03,,,,,,
14185,Diabolik Lovers: Dark Fate,PSV,2015.0,Action,Idea Factory,0.0,0.0,0.03,0.0,0.03,,,,,,
14219,Paddington: Adventures in London,3DS,2015.0,Puzzle,Koch Media,0.0,0.03,0.0,0.0,0.03,,,tbd,,Ravenscourt,
14223,Langrisser: Re:Incarnation Tensei,3DS,2015.0,Role-Playing,Extreme Entertainment Group,0.02,0.0,0.01,0.0,0.03,,,,,,
14259,JoJo's Bizarre Adventure: Eyes of Heaven,PS4,2015.0,Fighting,Namco Bandai Games,0.0,0.0,0.03,0.0,0.03,61.0,35.0,7.4,44.0,CyberConnect2,T
14263,Ukiyo no Shishi,PS3,2015.0,Action,Namco Bandai Games,0.0,0.0,0.03,0.0,0.03,,,,,,
14269,Medabots 9: Metabee / Rokusho,3DS,2015.0,Role-Playing,Rocket Company,0.0,0.0,0.03,0.0,0.03,,,,,,
14287,YoKai Watch Dance: Just Dance Special Version,WiiU,2015.0,Misc,Level 5,0.0,0.0,0.03,0.0,0.03,,,,,,
14303,Let's Sing 2016,PS4,2015.0,Action,FuRyu Corporation,0.03,0.0,0.0,0.01,0.03,,,tbd,,Voxler,T
14306,Dragon's Dogma Online,PS3,2015.0,Role-Playing,Capcom,0.0,0.0,0.03,0.0,0.03,,,,,,
14329,Atelier Sophie: The Alchemist of the Mysterious Book,PS3,2015.0,Role-Playing,Tecmo Koei,0.0,0.0,0.03,0.0,0.03,,,,,,
14332,Medarot 9: Kabuto Ver. / Kuwagata Ver.,3DS,2015.0,Role-Playing,Rocket Company,0.0,0.0,0.03,0.0,0.03,,,,,,
14335,Rugby 15,PSV,2015.0,Sports,Bigben Interactive,0.0,0.03,0.0,0.01,0.03,,,tbd,,HB Studios Multimedia,E
14356,Game of Thrones (Telltale),XOne,2015.0,Adventure,Telltale Games,0.03,0.0,0.0,0.0,0.03,,,,,,
14364,Barbie and Her Sisters Puppy Rescue,3DS,2015.0,Action,Namco Bandai Games,0.0,0.03,0.0,0.0,0.03,,,tbd,,"Torus Games, Little Orbit",E
14388,Airship Q,PSV,2015.0,Platform,Cygames,0.0,0.0,0.03,0.0,0.03,,,,,,
14389,A Good Librarian Like a Good Shepherd: Library Party,PSV,2015.0,Action,Kaga Create,0.0,0.0,0.03,0.0,0.03,,,,,,
14410,Hakuoki Zuisouroku Omokage Hana,PSV,2015.0,Action,Idea Factory,0.0,0.0,0.03,0.0,0.03,,,,,,
14419,PriPara & Pretty Rhythm: PriPara de Tsukaeru Oshare Item 1450!,3DS,2015.0,Action,Namco Bandai Games,0.0,0.0,0.03,0.0,0.03,,,,,,
14420,JoJo's Bizarre Adventure: Eyes of Heaven,PS3,2015.0,Fighting,Namco Bandai Games,0.0,0.0,0.03,0.0,0.03,,,,,,
14422,Rugby World Cup 2015,X360,2015.0,Sports,Ubisoft,0.0,0.03,0.0,0.0,0.03,,,8,5.0,HB Studios Multimedia,E
14426,Game of Thrones (Telltale),X360,2015.0,Adventure,Telltale Games,0.02,0.0,0.0,0.0,0.03,,,,,,
14439,Alia's Carnival! Sacrament,PSV,2015.0,Adventure,dramatic create,0.0,0.0,0.03,0.0,0.03,,,,,,
14452,Bad Apple Wars,PSV,2015.0,Action,Idea Factory,0.0,0.0,0.03,0.0,0.03,,,,,Otomate,
14458,Renai Revenge,PSV,2015.0,Adventure,TGL,0.0,0.0,0.03,0.0,0.03,,,,,,
14463,WRC 5: FIA World Rally Championship,PSV,2015.0,Sports,Bigben Interactive,0.0,0.02,0.0,0.01,0.03,,,,,,
14476,Transformers: Devastation,PC,2015.0,Action,Activision,0.0,0.03,0.0,0.0,0.03,74.0,9.0,7.6,56.0,PlatinumGames,T
14477,MotoGP 15,XOne,2015.0,Racing,Milestone S.r.l.,0.0,0.03,0.0,0.0,0.03,65.0,9.0,,,Milestone S.r.l,
14485,Ebikore Photo Kano Kiss ,PSV,2015.0,Action,Kadokawa Games,0.0,0.0,0.03,0.0,0.03,,,,,,
14541,Rugby 15,X360,2015.0,Sports,Bigben Interactive,0.0,0.03,0.0,0.0,0.03,,,,,HB Studios Multimedia,E
14546,Looney Tunes: Galactic Sports,PSV,2015.0,Action,Sony Computer Entertainment,0.0,0.02,0.0,0.01,0.03,,,tbd,,Virtual Toys,
14595,Hyperdimension Neptunia Vs. Sega Hard Girls: Yume no Gattai Special,PSV,2015.0,Role-Playing,Compile Heart,0.0,0.0,0.03,0.0,0.03,,,,,,
14622,Phantasy Star Online 2: Episode 3 Deluxe Package,PSV,2015.0,Action,Sega,0.0,0.0,0.03,0.0,0.03,,,,,,
14626,Higurashi no Naku Koro ni Iki,PSV,2015.0,Action,Kaga Create,0.0,0.0,0.03,0.0,0.03,,,,,,
14628,MeiQ no Chika Ni Shisu: A Maze to Eradicate Them All,PSV,2015.0,Role-Playing,Idea Factory,0.01,0.01,0.01,0.0,0.03,,,,,,
14633,Romance of the Three Kingdoms II,3DS,2015.0,Strategy,Tecmo Koei,0.0,0.0,0.03,0.0,0.03,,,,,,
14637,Bladestorm: Nightmare,PS3,2015.0,Action,Tecmo Koei,0.0,0.0,0.03,0.0,0.03,,,7.4,5.0,Koei Tecmo Games,T
14641,OZMAFIA!! -vivace-,PSV,2015.0,Adventure,dramatic create,0.0,0.0,0.03,0.0,0.03,,,,,,
14645,Kung Fu Panda: Showdown of Legendary Legends,3DS,2015.0,Action,Little Orbit,0.0,0.03,0.0,0.0,0.03,,,tbd,,"Vicious Cycle, Little Orbit",E10+
14653,New Tokyo Legacy: Operation Babel,PSV,2015.0,Role-Playing,5pb,0.0,0.0,0.03,0.0,0.03,,,,,,
14684,Barbie and Her Sisters Puppy Rescue,Wii,2015.0,Action,Namco Bandai Games,0.0,0.03,0.0,0.0,0.03,,,tbd,,"Torus Games, Little Orbit",E
14685,Handball 16,PS3,2015.0,Sports,Bigben Interactive,0.0,0.02,0.0,0.0,0.03,,,tbd,,EKO Software,E
14696,Parfait,PSV,2015.0,Adventure,TGL,0.0,0.0,0.03,0.0,0.03,,,,,,
14701,The Great Mystery Hidden Object Package 5,PC,2015.0,Adventure,Rondomedia,0.0,0.03,0.0,0.0,0.03,,,,,,
14710,The Talos Principle,PS4,2015.0,Puzzle,Devolver Digital,0.0,0.02,0.0,0.0,0.03,88.0,31.0,8.4,124.0,Croteam,E10+
14717,Gudetama: Hanjuku de Tanomuwa,3DS,2015.0,Action,Rocket Company,0.0,0.0,0.03,0.0,0.03,,,,,,
14733,Harukanaru Toki no Naka de 6,PSV,2015.0,Action,Tecmo Koei,0.0,0.0,0.03,0.0,0.03,,,,,,
14739,Ride,PC,2015.0,Racing,Milestone S.r.l.,0.0,0.03,0.0,0.0,0.03,68.0,8.0,4.8,30.0,Milestone S.r.l,E
14804,Kisuato,PSV,2015.0,Adventure,TGL,0.0,0.0,0.03,0.0,0.03,,,,,,
14811,Himoutou! Umaru-Chan: Himoutou Ikusei Keikaku,PSV,2015.0,Simulation,FuRyu,0.0,0.0,0.03,0.0,0.03,,,,,,
14818,Dream Girl Premier,3DS,2015.0,Misc,Alchemist,0.0,0.0,0.03,0.0,0.03,,,,,,
14843,Steins;Gate 0,PS3,2015.0,Adventure,5pb,0.0,0.0,0.03,0.0,0.03,,,,,,
14844,The Peanuts Movie: Snoopy's Grand Adventure,3DS,2015.0,Action,Activision,0.0,0.03,0.0,0.0,0.03,,,8.8,4.0,"Activision, Behaviour Interactive",E
14868,MX vs. ATV Supercross Encore,XOne,2015.0,Sports,Nordic Games,0.02,0.0,0.0,0.0,0.03,45.0,4.0,tbd,,Rainbow Studios,
14887,God Eater Off Shot: Lindow-hen Twin Pack & Animation Vol. 2,PS4,2015.0,Misc,Namco Bandai Games,0.0,0.0,0.03,0.0,0.03,,,,,,
14901,The Peanuts Movie: Snoopy's Grand Adventure,PS4,2015.0,Action,Activision,0.0,0.02,0.0,0.0,0.03,59.0,4.0,6.6,19.0,"Activision, Behaviour Interactive",E
14981,BlazBlue: Chrono Phantasma Extend,PSV,2015.0,Action,PQube,0.0,0.02,0.0,0.01,0.03,,,6.8,13.0,Arc System Works,T
14982,Legend of Kay Anniversary,PS4,2015.0,Action,Nordic Games,0.0,0.02,0.0,0.0,0.03,62.0,22.0,6.4,11.0,"Neon Studios, Kaiko",E10+
15014,Blade Arcus from Shining EX,PS4,2015.0,Fighting,Sega,0.0,0.0,0.02,0.0,0.02,,,,,,
15015,TV Anime Idolm@ster: Cinderella Girls G4U! Pack Vol.6,PS3,2015.0,Adventure,Namco Bandai Games,0.0,0.0,0.02,0.0,0.02,,,,,,
15021,Monster High: New Ghoul in School,X360,2015.0,Action,Little Orbit,0.0,0.02,0.0,0.0,0.02,,,tbd,,"Torus Games, Little Orbit",E
15048,Final Fantasy XIV: Heavensward,PC,2015.0,Action,Square Enix,0.01,0.01,0.0,0.0,0.02,86.0,14.0,7.7,255.0,Square Enix,T
15051,TV Anime Idolm@ster: Cinderella Girls G4U! Pack Vol.1,PS3,2015.0,Action,Namco Bandai Games,0.0,0.0,0.02,0.0,0.02,,,,,,
15054,Final Fantasy XIV: Heavensward,PS3,2015.0,Action,Square Enix,0.01,0.0,0.01,0.0,0.02,,,8.2,72.0,Square Enix,T
15087,Rugby League Live 3,PS4,2015.0,Action,Tru Blu Entertainment,0.0,0.02,0.0,0.0,0.02,,,7.6,7.0,Big Ant Studios,E
15088,Cross Ange: Tenshi to Ryuu no Rondo tr.,PSV,2015.0,Action,Namco Bandai Games,0.0,0.0,0.02,0.0,0.02,,,,,,
15099,Winning Post 8 2015,PSV,2015.0,Action,Tecmo Koei,0.0,0.0,0.02,0.0,0.02,,,,,,
15120,Rugby League Live 3,X360,2015.0,Action,Tru Blu Entertainment,0.0,0.02,0.0,0.0,0.02,,,7,4.0,Big Ant Studios,E
15139,Blade Arcus from Shining EX,PS3,2015.0,Fighting,Sega,0.0,0.0,0.02,0.0,0.02,,,,,,
15204,Thomas and Friends: Steaming around Sodor,3DS,2015.0,Action,Avanquest Software,0.0,0.02,0.0,0.0,0.02,,,tbd,,Avanquest Software,
15217,To Love-Ru Trouble: Darkness - True Princess,PSV,2015.0,Action,FuRyu,0.0,0.0,0.02,0.0,0.02,,,,,,
15231,Winning Post 8 2015,PS3,2015.0,Action,Tecmo Koei,0.0,0.0,0.02,0.0,0.02,,,,,,
15234,Ukiyo no Roushi,PSV,2015.0,Action,Unknown,0.0,0.0,0.02,0.0,0.02,,,,,,
15244,Rugby World Cup 2015,XOne,2015.0,Sports,Ubisoft,0.0,0.02,0.0,0.0,0.02,,,4.3,7.0,HB Studios Multimedia,E
15279,Diabolik Lovers: More Blood,PSV,2015.0,Adventure,Idea Factory,0.0,0.0,0.02,0.0,0.02,,,,,,
15354,Rugby League Team Manager 2015,PC,2015.0,Action,Alternative Software,0.0,0.02,0.0,0.0,0.02,,,tbd,,Alternative Software,
15378,Back to the Future: The Game,X360,2015.0,Adventure,Telltale Games,0.02,0.0,0.0,0.0,0.02,,,7.5,10.0,Telltale Games,
15420,Xblaze: Lost Memories,PS3,2015.0,Adventure,Arc System Works,0.02,0.0,0.0,0.0,0.02,63.0,4.0,6.2,5.0,Arc System Works,M
15434,Spirits and Demons: 5 Game Pack,PC,2015.0,Misc,Focus Multimedia,0.0,0.02,0.0,0.0,0.02,,,,,,
15437,Net High,PSV,2015.0,Adventure,Marvelous Games,0.0,0.0,0.02,0.0,0.02,,,,,,
15439,Hakuoki: Shinkai - Furi no Shou,PSV,2015.0,Action,Idea Factory,0.0,0.0,0.02,0.0,0.02,,,,,,
15454,TV Anime Idolm@ster: Cinderella Girls G4U! Pack Vol.7,PS3,2015.0,Misc,Namco Bandai Games,0.0,0.0,0.02,0.0,0.02,,,,,,
15463,Nobunaga's Ambition: Tenshouki with Power-Up Kit HD Version,PSV,2015.0,Strategy,Tecmo Koei,0.0,0.0,0.02,0.0,0.02,,,,,,
15506,Angelique Retour,PSV,2015.0,Action,Tecmo Koei,0.0,0.0,0.02,0.0,0.02,,,,,,
15514,Dynasty Warriors 8: Empires,PSV,2015.0,Action,Tecmo Koei,0.0,0.0,0.02,0.0,0.02,70.0,15.0,7.4,9.0,Omega Force,T
15526,Devil Survivor: Over Clock,3DS,2015.0,Strategy,Atlus,0.0,0.0,0.02,0.0,0.02,,,,,,
15532,Downtown Nekketsu Jidaigek,3DS,2015.0,Action,Arc System Works,0.0,0.0,0.02,0.0,0.02,,,,,,
15550,Otoko Yukaku,PSV,2015.0,Action,D3Publisher,0.0,0.0,0.02,0.0,0.02,,,,,,
15554,TV Anime Idolm@ster: Cinderella Girls G4U! Pack Vol.5,PS3,2015.0,Action,Namco Bandai Games,0.0,0.0,0.02,0.0,0.02,,,,,,
15556,Date-A-Live Twin Edition: Rio Reincarnation,PSV,2015.0,Action,Compile Heart,0.0,0.0,0.02,0.0,0.02,,,,,,
15558,Natsuiro High School: Seishun Hakusho,PS4,2015.0,Action,D3Publisher,0.0,0.0,0.02,0.0,0.02,,,,,,
15563,Tsuki ni Yori Sou Otome no Sahou: Hidamari no Hibi,PSV,2015.0,Adventure,dramatic create,0.0,0.0,0.02,0.0,0.02,,,,,,
15572,Amatsumi Sora ni! Kumo no Hatate ni,PSV,2015.0,Adventure,Prototype,0.0,0.0,0.02,0.0,0.02,,,,,,
15579,Kung Fu Panda: Showdown of Legendary Legends,PS3,2015.0,Action,Little Orbit,0.0,0.02,0.0,0.0,0.02,,,tbd,,"Vicious Cycle, Little Orbit",E10+
15580,Kung Fu Panda: Showdown of Legendary Legends,X360,2015.0,Action,Little Orbit,0.0,0.02,0.0,0.0,0.02,,,6.8,4.0,"Vicious Cycle, Little Orbit",E10+
15613,Niko Puchi Girls Runway,3DS,2015.0,Misc,Happinet,0.0,0.0,0.02,0.0,0.02,,,,,,
15620,The Crew: Wild Run,XOne,2015.0,Action,Ubisoft,0.0,0.02,0.0,0.0,0.02,65.0,5.0,6.6,21.0,Ivory Tower,T
15628,Natsuiro High School: Seishun Hakusho,PS3,2015.0,Action,D3Publisher,0.0,0.0,0.02,0.0,0.02,,,,,,
15631,Lovely x Cation 1 & 2,PSV,2015.0,Action,5pb,0.0,0.0,0.02,0.0,0.02,,,,,,
15634,Downtown Nekketsu Koushinkyoku: Soreyuke Daiundoukai All-Star Special,PS3,2015.0,Action,Arc System Works,0.0,0.0,0.02,0.0,0.02,,,,,,
15647,7 Roses: A Darkness Rises,PC,2015.0,Misc,Avanquest Software,0.0,0.02,0.0,0.0,0.02,,,,,,
15662,The Crew: Wild Run,PC,2015.0,Action,Ubisoft,0.0,0.02,0.0,0.0,0.02,74.0,6.0,7.4,41.0,Ivory Tower,T
15671,New Atelier Rorona: Hajimari no Monogatari,3DS,2015.0,Action,Tecmo Koei,0.0,0.0,0.02,0.0,0.02,,,,,,
15728,Prince of Stride,PSV,2015.0,Adventure,Kadokawa Games,0.0,0.0,0.02,0.0,0.02,,,,,,
15752,Back to the Future: The Game,XOne,2015.0,Adventure,Telltale Games,0.0,0.02,0.0,0.0,0.02,,,7.3,7.0,Telltale Games,T
15780,TV Anime Idolm@ster: Cinderella Girls G4U! Pack Vol.2,PS3,2015.0,Action,Namco Bandai Games,0.0,0.0,0.02,0.0,0.02,,,,,,
15796,Abunai: Koi no Sousa Shitsu,PSV,2015.0,Action,Asgard,0.0,0.0,0.02,0.0,0.02,,,,,,
15813,TV Anime Idolm@ster: Cinderella Girls G4U! Pack Vol.3,PS3,2015.0,Action,Namco Bandai Games,0.0,0.0,0.02,0.0,0.02,,,,,,
15838,TV Anime Idolm@ster: Cinderella Girls G4U! Pack Vol.4,PS3,2015.0,Action,Namco Bandai Games,0.0,0.0,0.02,0.0,0.02,,,,,,
15839,Clock Zero: Shuuen no Ichibyou - ExTime,PSV,2015.0,Action,Idea Factory,0.0,0.0,0.02,0.0,0.02,,,,,,
15846,Root Infinity Rexx,PSV,2015.0,Adventure,Idea Factory,0.0,0.0,0.02,0.0,0.02,,,,,,
15860,Kaleidoeve,PSV,2015.0,Adventure,HuneX,0.0,0.0,0.02,0.0,0.02,,,,,,
15862,Broken Sword 5: The Serpent's Curse,XOne,2015.0,Adventure,Revolution Software,0.0,0.02,0.0,0.0,0.02,77.0,12.0,7.2,11.0,Revolution Software,T
15879,Reine des Fleurs,PSV,2015.0,Action,Idea Factory,0.0,0.0,0.02,0.0,0.02,,,,,,
15893,Rugby League Live 3,PS3,2015.0,Action,Tru Blu Entertainment,0.0,0.01,0.0,0.0,0.02,,,tbd,,Big Ant Studios,
15913,Psychedelica of the Black Butterfly,PSV,2015.0,Action,Idea Factory,0.0,0.0,0.02,0.0,0.02,,,,,,
15945,Professional Farmer 2016,PS4,2015.0,Action,Namco Bandai Games,0.0,0.01,0.0,0.0,0.02,,,,,,
15972,I Doll U,PSV,2015.0,Adventure,Idea Factory,0.0,0.0,0.02,0.0,0.02,,,,,,
15977,Paranormal Pursuit: The Gifted One,PC,2015.0,Action,Alawar Entertainment,0.0,0.01,0.0,0.0,0.02,,,tbd,,Logris Games,
15982,The Sims 4: Luxury Party Stuff,PC,2015.0,Simulation,Electronic Arts,0.0,0.01,0.0,0.0,0.02,,,5.3,12.0,Maxis,T
15993,Rugby World Cup 2015,PSV,2015.0,Sports,Ubisoft,0.0,0.01,0.0,0.0,0.02,,,tbd,,HB Studios Multimedia,E
15998,Harukanaru Toki no Naka de 6,PSP,2015.0,Action,Tecmo Koei,0.0,0.0,0.02,0.0,0.02,,,,,,
16003,Saenai Kanojo no Sodatekata: Blessing Flowers,PSV,2015.0,Action,5pb,0.0,0.0,0.02,0.0,0.02,,,,,,
16018,Sid Meier's Civilization Revolution 2+,PSV,2015.0,Strategy,Take-Two Interactive,0.0,0.0,0.02,0.0,0.02,,,,,,
16054,Girl Friend Beta: Kimi to Sugosu Natsuyasumi,PSV,2015.0,Action,Namco Bandai Games,0.0,0.0,0.02,0.0,0.02,,,,,,
16071,Meiji Toukyou Renka: Twilight Kiss,PSP,2015.0,Action,Broccoli,0.0,0.0,0.02,0.0,0.02,,,,,,
16102,SpongeBob: HeroPants,PSV,2015.0,Platform,Activision,0.01,0.0,0.0,0.0,0.01,,,5.1,7.0,Activision,E
16116,Sousaku Alice to Oujisama!,3DS,2015.0,Simulation,Happinet,0.0,0.0,0.01,0.0,0.01,,,,,,
16126,WRC 5: FIA World Rally Championship,XOne,2015.0,Sports,Bigben Interactive,0.0,0.01,0.0,0.0,0.01,,,,,,
16144,MLB 15: The Show,PSV,2015.0,Sports,Sony Computer Entertainment,0.01,0.0,0.0,0.0,0.01,,,8.8,5.0,SCEA San Diego Studios,E
16157,Kaitou Joker: Toki o Koeru Kaitou to Ushinawareta Houseki,3DS,2015.0,Action,Namco Bandai Games,0.0,0.0,0.01,0.0,0.01,,,,,,
16160,Raven's Cry,PS4,2015.0,Role-Playing,TopWare Interactive,0.0,0.01,0.0,0.0,0.01,,,,,,
16170,War for the Overworld,PC,2015.0,Strategy,Unknown,0.0,0.01,0.0,0.0,0.01,65.0,14.0,7.7,90.0,Subterranean Games,
16173,Infinite Stratos 2: Love and Purge,PSV,2015.0,Action,5pb,0.0,0.0,0.01,0.0,0.01,,,,,,
16186,Higurashi no Naku Koro ni Iki,PS3,2015.0,Action,Kaga Create,0.0,0.0,0.01,0.0,0.01,,,,,,
16214,Norn + Nonette: Last Era,PSV,2015.0,Action,Idea Factory,0.0,0.0,0.01,0.0,0.01,,,,,,
16217,Hitotsu Tobashi Renai V,PSV,2015.0,Adventure,Kaga Create,0.0,0.0,0.01,0.0,0.01,,,,,,
16221,Fuuraiki 3,PSV,2015.0,Action,Unknown,0.0,0.0,0.01,0.0,0.01,,,,,,
16244,NHL 16,PS3,2015.0,Sports,Electronic Arts,0.0,0.01,0.0,0.0,0.01,,,,,,
16273,Hyakka Yakou,PSV,2015.0,Action,Unknown,0.0,0.0,0.01,0.0,0.01,,,,,,
16303,Barbie and Her Sisters Puppy Rescue,WiiU,2015.0,Action,Namco Bandai Games,0.0,0.01,0.0,0.0,0.01,,,2.8,11.0,"Torus Games, Little Orbit",E
16315,Monster High: New Ghoul in School,Wii,2015.0,Action,Little Orbit,0.0,0.01,0.0,0.0,0.01,,,tbd,,"Torus Games, Little Orbit",E
16348,Farming Simulator 15 Expansion Pack,PC,2015.0,Action,Focus Home Interactive,0.0,0.01,0.0,0.0,0.01,,,,,,
16367,Nitroplus Blasterz: Heroines Infinite Duel,PS3,2015.0,Fighting,Nitroplus,0.0,0.0,0.01,0.0,0.01,,,tbd,,Marvelous Inc.,T
16368,Kurogane Kaikitan,PSV,2015.0,Adventure,Minato Station,0.0,0.0,0.01,0.0,0.01,,,,,,
16379,Dragon Quest X: All in One Package,WiiU,2015.0,Role-Playing,Square Enix,0.0,0.0,0.01,0.0,0.01,,,,,,
16391,Durarara!! Relay,PSV,2015.0,Action,Kadokawa Games,0.0,0.0,0.01,0.0,0.01,,,,,,
16402,Chaos;Child,PS4,2015.0,Adventure,5pb,0.0,0.0,0.01,0.0,0.01,,,,,,
16416,Legend of Kay Anniversary,WiiU,2015.0,Action,Nordic Games,0.0,0.01,0.0,0.0,0.01,67.0,9.0,7.1,35.0,"Neon Studios, Kaiko",E10+
16424,Mario vs. Donkey Kong: Tipping Stars,WiiU,2015.0,Puzzle,Nintendo,0.0,0.0,0.01,0.0,0.01,70.0,26.0,7.4,72.0,"Nintendo, Nintendo Software Technology",E
16457,Act of Aggression,PC,2015.0,Strategy,Focus Home Interactive,0.0,0.01,0.0,0.0,0.01,71.0,37.0,7.1,93.0,Eugen Systems,
16460,Fallout Anthology,PC,2015.0,Action,Bethesda Softworks,0.0,0.01,0.0,0.0,0.01,,,8.3,12.0,Various,
16479,Chaos;Child,PS3,2015.0,Adventure,5pb,0.0,0.0,0.01,0.0,0.01,,,,,,
16495,Ride,X360,2015.0,Racing,Milestone S.r.l.,0.0,0.01,0.0,0.0,0.01,,,,,Milestone S.r.l,
16514,Art Academy: Home Studio,WiiU,2015.0,Misc,Nintendo,0.0,0.0,0.01,0.0,0.01,82.0,9.0,8.3,20.0,Headstrong Games,E
16522,Rugby World Cup 2015,PC,2015.0,Sports,Ubisoft,0.0,0.01,0.0,0.0,0.01,,,1.4,8.0,HB Studios Multimedia,E
16537,Rugby League Live 3,XOne,2015.0,Action,Tru Blu Entertainment,0.0,0.01,0.0,0.0,0.01,,,7.1,10.0,Big Ant Studios,E
16558,"Horse Life 4: My Horse, My Friend, My Champion",3DS,2015.0,Action,Unknown,0.0,0.01,0.0,0.0,0.01,,,,,,
16582,"Shinobi, Koi Utsutsu: Setsugetsuka Koi Emaki",PSV,2015.0,Action,Idea Factory,0.0,0.0,0.01,0.0,0.01,,,,,,
16586,Irotoridori no Sekai: World's End Re-Birth,PSV,2015.0,Action,HuneX,0.0,0.0,0.01,0.0,0.01,,,,,,
16601,Saints Row: Gat out of Hell,XOne,2015.0,Action,Deep Silver,0.0,0.01,0.0,0.0,0.01,65.0,16.0,6,27.0,Volition Inc.,M
16612,Mario & Luigi: Paper Jam & Mario Kart 7 Double Pack,3DS,2015.0,Misc,Nintendo,0.0,0.0,0.01,0.0,0.01,,,,,,
16614,Kiniro no Corda 3,3DS,2015.0,Adventure,Tecmo Koei,0.0,0.0,0.01,0.0,0.01,,,,,,
16622,Xblaze: Lost Memories,PSV,2015.0,Adventure,Arc System Works,0.01,0.0,0.0,0.0,0.01,,,7,8.0,Arc System Works,M
16666,Hakuoki: Reimeiroku - Omouhase Kara,PSV,2015.0,Action,Idea Factory,0.0,0.0,0.01,0.0,0.01,,,,,,
